solid pizza_plate_24
facet normal -0.000000e+00 0.000000e+00 1.000000e+00
 outer loop
  vertex 1.173714e+01 -4.893309e-01 1.000000e+00
  vertex 1.198958e+01 -4.998553e-01 1.000000e+00
  vertex 1.200000e+01 0.000000e+00 1.000000e+00
 endloop
endfacet
facet normal 0.000000e+00 0.000000e+00 -1.000000e+00
 outer loop
  vertex 1.173714e+01 -4.893309e-01 0.000000e+00
  vertex 1.200000e+01 0.000000e+00 0.000000e+00
  vertex 1.198958e+01 -4.998553e-01 0.000000e+00
 endloop
endfacet
facet normal 0.000000e+00 0.000000e+00 1.000000e+00
 outer loop
  vertex 1.173714e+01 -4.893309e-01 1.000000e+00
  vertex 1.200000e+01 0.000000e+00 1.000000e+00
  vertex 1.198958e+01 4.998553e-01 1.000000e+00
 endloop
endfacet
facet normal 0.000000e+00 0.000000e+00 -1.000000e+00
 outer loop
  vertex 1.173714e+01 -4.893309e-01 0.000000e+00
  vertex 1.198958e+01 4.998553e-01 0.000000e+00
  vertex 1.200000e+01 0.000000e+00 0.000000e+00
 endloop
endfacet
facet normal 0.000000e+00 0.000000e+00 1.000000e+00
 outer loop
  vertex 1.173714e+01 -4.893309e-01 1.000000e+00
  vertex 1.198958e+01 4.998553e-01 1.000000e+00
  vertex 1.173714e+01 4.893309e-01 1.000000e+00
 endloop
endfacet
facet normal 0.000000e+00 0.000000e+00 -1.000000e+00
 outer loop
  vertex 1.173714e+01 -4.893309e-01 0.000000e+00
  vertex 1.173714e+01 4.893309e-01 0.000000e+00
  vertex 1.198958e+01 4.998553e-01 0.000000e+00
 endloop
endfacet
facet normal 0.000000e+00 -0.000000e+00 1.000000e+00
 outer loop
  vertex 1.173714e+01 -4.893309e-01 1.000000e+00
  vertex 1.173714e+01 4.893309e-01 1.000000e+00
  vertex 1.161243e+01 5.167724e-01 1.000000e+00
 endloop
endfacet
facet normal 0.000000e+00 0.000000e+00 -1.000000e+00
 outer loop
  vertex 1.173714e+01 -4.893309e-01 0.000000e+00
  vertex 1.161243e+01 5.167724e-01 0.000000e+00
  vertex 1.173714e+01 4.893309e-01 0.000000e+00
 endloop
endfacet
facet normal 0.000000e+00 0.000000e+00 1.000000e+00
 outer loop
  vertex 1.173714e+01 -4.893309e-01 1.000000e+00
  vertex 1.161243e+01 5.167724e-01 1.000000e+00
  vertex 1.151754e+01 6.022228e-01 1.000000e+00
 endloop
endfacet
facet normal 0.000000e+00 0.000000e+00 -1.000000e+00
 outer loop
  vertex 1.173714e+01 -4.893309e-01 0.000000e+00
  vertex 1.151754e+01 6.022228e-01 0.000000e+00
  vertex 1.161243e+01 5.167724e-01 0.000000e+00
 endloop
endfacet
facet normal 0.000000e+00 0.000000e+00 1.000000e+00
 outer loop
  vertex 1.173714e+01 -4.893309e-01 1.000000e+00
  vertex 1.151754e+01 6.022228e-01 1.000000e+00
  vertex 1.147723e+01 7.233881e-01 1.000000e+00
 endloop
endfacet
facet normal 0.000000e+00 0.000000e+00 -1.000000e+00
 outer loop
  vertex 1.173714e+01 -4.893309e-01 0.000000e+00
  vertex 1.147723e+01 7.233881e-01 0.000000e+00
  vertex 1.151754e+01 6.022228e-01 0.000000e+00
 endloop
endfacet
facet normal 0.000000e+00 0.000000e+00 1.000000e+00
 outer loop
  vertex 1.147723e+01 7.233881e-01 1.000000e+00
  vertex 1.137868e+01 1.666026e+00 1.000000e+00
  vertex 1.120285e+01 2.597348e+00 1.000000e+00
 endloop
endfacet
facet normal 0.000000e+00 0.000000e+00 -1.000000e+00
 outer loop
  vertex 1.147723e+01 7.233881e-01 0.000000e+00
  vertex 1.120285e+01 2.597348e+00 0.000000e+00
  vertex 1.137868e+01 1.666026e+00 0.000000e+00
 endloop
endfacet
facet normal 0.000000e+00 0.000000e+00 1.000000e+00
 outer loop
  vertex 1.147723e+01 7.233881e-01 1.000000e+00
  vertex 1.120285e+01 2.597348e+00 1.000000e+00
  vertex 1.095092e+01 3.511027e+00 1.000000e+00
 endloop
endfacet
facet normal 0.000000e+00 0.000000e+00 -1.000000e+00
 outer loop
  vertex 1.147723e+01 7.233881e-01 0.000000e+00
  vertex 1.095092e+01 3.511027e+00 0.000000e+00
  vertex 1.120285e+01 2.597348e+00 0.000000e+00
 endloop
endfacet
facet normal 0.000000e+00 0.000000e+00 1.000000e+00
 outer loop
  vertex 1.147723e+01 7.233881e-01 1.000000e+00
  vertex 1.095092e+01 3.511027e+00 1.000000e+00
  vertex 1.062461e+01 4.400859e+00 1.000000e+00
 endloop
endfacet
facet normal 0.000000e+00 0.000000e+00 -1.000000e+00
 outer loop
  vertex 1.147723e+01 7.233881e-01 0.000000e+00
  vertex 1.062461e+01 4.400859e+00 0.000000e+00
  vertex 1.095092e+01 3.511027e+00 0.000000e+00
 endloop
endfacet
facet normal 0.000000e+00 0.000000e+00 1.000000e+00
 outer loop
  vertex 1.173714e+01 -4.893309e-01 1.000000e+00
  vertex 1.147723e+01 7.233881e-01 1.000000e+00
  vertex 1.062461e+01 4.400859e+00 1.000000e+00
 endloop
endfacet
facet normal 0.000000e+00 0.000000e+00 -1.000000e+00
 outer loop
  vertex 1.173714e+01 -4.893309e-01 0.000000e+00
  vertex 1.062461e+01 4.400859e+00 0.000000e+00
  vertex 1.147723e+01 7.233881e-01 0.000000e+00
 endloop
endfacet
facet normal 0.000000e+00 0.000000e+00 1.000000e+00
 outer loop
  vertex 1.173714e+01 -4.893309e-01 1.000000e+00
  vertex 1.062461e+01 4.400859e+00 1.000000e+00
  vertex 1.022614e+01 5.260800e+00 1.000000e+00
 endloop
endfacet
facet normal 0.000000e+00 0.000000e+00 -1.000000e+00
 outer loop
  vertex 1.173714e+01 -4.893309e-01 0.000000e+00
  vertex 1.022614e+01 5.260800e+00 0.000000e+00
  vertex 1.062461e+01 4.400859e+00 0.000000e+00
 endloop
endfacet
facet normal 0.000000e+00 0.000000e+00 1.000000e+00
 outer loop
  vertex 1.173714e+01 -4.893309e-01 1.000000e+00
  vertex 1.022614e+01 5.260800e+00 1.000000e+00
  vertex 9.758211e+00 6.085007e+00 1.000000e+00
 endloop
endfacet
facet normal 0.000000e+00 0.000000e+00 -1.000000e+00
 outer loop
  vertex 1.173714e+01 -4.893309e-01 0.000000e+00
  vertex 9.758211e+00 6.085007e+00 0.000000e+00
  vertex 1.022614e+01 5.260800e+00 0.000000e+00
 endloop
endfacet
facet normal 0.000000e+00 0.000000e+00 1.000000e+00
 outer loop
  vertex 1.173714e+01 -4.893309e-01 1.000000e+00
  vertex 9.758211e+00 6.085007e+00 1.000000e+00
  vertex 9.224000e+00 6.867884e+00 1.000000e+00
 endloop
endfacet
facet normal 0.000000e+00 0.000000e+00 -1.000000e+00
 outer loop
  vertex 1.173714e+01 -4.893309e-01 0.000000e+00
  vertex 9.224000e+00 6.867884e+00 0.000000e+00
  vertex 9.758211e+00 6.085007e+00 0.000000e+00
 endloop
endfacet
facet normal 0.000000e+00 0.000000e+00 1.000000e+00
 outer loop
  vertex 1.173714e+01 -4.893309e-01 1.000000e+00
  vertex 9.224000e+00 6.867884e+00 1.000000e+00
  vertex 8.627137e+00 7.604112e+00 1.000000e+00
 endloop
endfacet
facet normal 0.000000e+00 0.000000e+00 -1.000000e+00
 outer loop
  vertex 1.173714e+01 -4.893309e-01 0.000000e+00
  vertex 8.627137e+00 7.604112e+00 0.000000e+00
  vertex 9.224000e+00 6.867884e+00 0.000000e+00
 endloop
endfacet
facet normal 0.000000e+00 0.000000e+00 1.000000e+00
 outer loop
  vertex 1.173714e+01 -4.893309e-01 1.000000e+00
  vertex 8.627137e+00 7.604112e+00 1.000000e+00
  vertex 8.569966e+00 7.718295e+00 1.000000e+00
 endloop
endfacet
facet normal 0.000000e+00 0.000000e+00 -1.000000e+00
 outer loop
  vertex 1.173714e+01 -4.893309e-01 0.000000e+00
  vertex 8.569966e+00 7.718295e+00 0.000000e+00
  vertex 8.627137e+00 7.604112e+00 0.000000e+00
 endloop
endfacet
facet normal 0.000000e+00 -0.000000e+00 1.000000e+00
 outer loop
  vertex 8.645423e+00 7.953405e+00 1.000000e+00
  vertex 8.831368e+00 8.124466e+00 1.000000e+00
  vertex 8.485281e+00 8.485281e+00 1.000000e+00
 endloop
endfacet
facet normal 0.000000e+00 0.000000e+00 -1.000000e+00
 outer loop
  vertex 8.645423e+00 7.953405e+00 0.000000e+00
  vertex 8.485281e+00 8.485281e+00 0.000000e+00
  vertex 8.831368e+00 8.124466e+00 0.000000e+00
 endloop
endfacet
facet normal 0.000000e+00 -0.000000e+00 1.000000e+00
 outer loop
  vertex 8.576642e+00 7.845816e+00 1.000000e+00
  vertex 8.645423e+00 7.953405e+00 1.000000e+00
  vertex 8.485281e+00 8.485281e+00 1.000000e+00
 endloop
endfacet
facet normal 0.000000e+00 0.000000e+00 -1.000000e+00
 outer loop
  vertex 8.576642e+00 7.845816e+00 0.000000e+00
  vertex 8.485281e+00 8.485281e+00 0.000000e+00
  vertex 8.645423e+00 7.953405e+00 0.000000e+00
 endloop
endfacet
facet normal 0.000000e+00 -0.000000e+00 1.000000e+00
 outer loop
  vertex 8.569966e+00 7.718295e+00 1.000000e+00
  vertex 8.576642e+00 7.845816e+00 1.000000e+00
  vertex 8.485281e+00 8.485281e+00 1.000000e+00
 endloop
endfacet
facet normal 0.000000e+00 0.000000e+00 -1.000000e+00
 outer loop
  vertex 8.569966e+00 7.718295e+00 0.000000e+00
  vertex 8.485281e+00 8.485281e+00 0.000000e+00
  vertex 8.576642e+00 7.845816e+00 0.000000e+00
 endloop
endfacet
facet normal 0.000000e+00 0.000000e+00 1.000000e+00
 outer loop
  vertex 8.569966e+00 7.718295e+00 1.000000e+00
  vertex 8.485281e+00 8.485281e+00 1.000000e+00
  vertex 8.124466e+00 8.831368e+00 1.000000e+00
 endloop
endfacet
facet normal 0.000000e+00 0.000000e+00 -1.000000e+00
 outer loop
  vertex 8.569966e+00 7.718295e+00 0.000000e+00
  vertex 8.124466e+00 8.831368e+00 0.000000e+00
  vertex 8.485281e+00 8.485281e+00 0.000000e+00
 endloop
endfacet
facet normal 0.000000e+00 0.000000e+00 1.000000e+00
 outer loop
  vertex 1.173714e+01 -4.893309e-01 1.000000e+00
  vertex 8.569966e+00 7.718295e+00 1.000000e+00
  vertex 8.124466e+00 8.831368e+00 1.000000e+00
 endloop
endfacet
facet normal 0.000000e+00 0.000000e+00 -1.000000e+00
 outer loop
  vertex 1.173714e+01 -4.893309e-01 0.000000e+00
  vertex 8.124466e+00 8.831368e+00 0.000000e+00
  vertex 8.569966e+00 7.718295e+00 0.000000e+00
 endloop
endfacet
facet normal 0.000000e+00 0.000000e+00 1.000000e+00
 outer loop
  vertex 1.173714e+01 -4.893309e-01 1.000000e+00
  vertex 8.124466e+00 8.831368e+00 1.000000e+00
  vertex 7.953405e+00 8.645423e+00 1.000000e+00
 endloop
endfacet
facet normal 0.000000e+00 0.000000e+00 -1.000000e+00
 outer loop
  vertex 1.173714e+01 -4.893309e-01 0.000000e+00
  vertex 7.953405e+00 8.645423e+00 0.000000e+00
  vertex 8.124466e+00 8.831368e+00 0.000000e+00
 endloop
endfacet
facet normal 0.000000e+00 0.000000e+00 1.000000e+00
 outer loop
  vertex 1.173714e+01 -4.893309e-01 1.000000e+00
  vertex 7.953405e+00 8.645423e+00 1.000000e+00
  vertex 7.845816e+00 8.576642e+00 1.000000e+00
 endloop
endfacet
facet normal 0.000000e+00 0.000000e+00 -1.000000e+00
 outer loop
  vertex 1.173714e+01 -4.893309e-01 0.000000e+00
  vertex 7.845816e+00 8.576642e+00 0.000000e+00
  vertex 7.953405e+00 8.645423e+00 0.000000e+00
 endloop
endfacet
facet normal 0.000000e+00 0.000000e+00 1.000000e+00
 outer loop
  vertex 1.173714e+01 -4.893309e-01 1.000000e+00
  vertex 7.845816e+00 8.576642e+00 1.000000e+00
  vertex 7.718295e+00 8.569966e+00 1.000000e+00
 endloop
endfacet
facet normal 0.000000e+00 0.000000e+00 -1.000000e+00
 outer loop
  vertex 1.173714e+01 -4.893309e-01 0.000000e+00
  vertex 7.718295e+00 8.569966e+00 0.000000e+00
  vertex 7.845816e+00 8.576642e+00 0.000000e+00
 endloop
endfacet
facet normal 0.000000e+00 0.000000e+00 1.000000e+00
 outer loop
  vertex 1.173714e+01 -4.893309e-01 1.000000e+00
  vertex 7.718295e+00 8.569966e+00 1.000000e+00
  vertex 7.604112e+00 8.627137e+00 1.000000e+00
 endloop
endfacet
facet normal 0.000000e+00 0.000000e+00 -1.000000e+00
 outer loop
  vertex 1.173714e+01 -4.893309e-01 0.000000e+00
  vertex 7.604112e+00 8.627137e+00 0.000000e+00
  vertex 7.718295e+00 8.569966e+00 0.000000e+00
 endloop
endfacet
facet normal 0.000000e+00 0.000000e+00 1.000000e+00
 outer loop
  vertex 1.173714e+01 -4.893309e-01 1.000000e+00
  vertex 7.604112e+00 8.627137e+00 1.000000e+00
  vertex 6.867884e+00 9.224000e+00 1.000000e+00
 endloop
endfacet
facet normal 0.000000e+00 0.000000e+00 -1.000000e+00
 outer loop
  vertex 1.173714e+01 -4.893309e-01 0.000000e+00
  vertex 6.867884e+00 9.224000e+00 0.000000e+00
  vertex 7.604112e+00 8.627137e+00 0.000000e+00
 endloop
endfacet
facet normal 0.000000e+00 0.000000e+00 1.000000e+00
 outer loop
  vertex 1.173714e+01 -4.893309e-01 1.000000e+00
  vertex 6.867884e+00 9.224000e+00 1.000000e+00
  vertex 6.085007e+00 9.758211e+00 1.000000e+00
 endloop
endfacet
facet normal 0.000000e+00 0.000000e+00 -1.000000e+00
 outer loop
  vertex 1.173714e+01 -4.893309e-01 0.000000e+00
  vertex 6.085007e+00 9.758211e+00 0.000000e+00
  vertex 6.867884e+00 9.224000e+00 0.000000e+00
 endloop
endfacet
facet normal 0.000000e+00 0.000000e+00 1.000000e+00
 outer loop
  vertex 1.173714e+01 -4.893309e-01 1.000000e+00
  vertex 6.085007e+00 9.758211e+00 1.000000e+00
  vertex 5.260800e+00 1.022614e+01 1.000000e+00
 endloop
endfacet
facet normal 0.000000e+00 0.000000e+00 -1.000000e+00
 outer loop
  vertex 1.173714e+01 -4.893309e-01 0.000000e+00
  vertex 5.260800e+00 1.022614e+01 0.000000e+00
  vertex 6.085007e+00 9.758211e+00 0.000000e+00
 endloop
endfacet
facet normal 0.000000e+00 0.000000e+00 1.000000e+00
 outer loop
  vertex 1.173714e+01 -4.893309e-01 1.000000e+00
  vertex 5.260800e+00 1.022614e+01 1.000000e+00
  vertex 4.400859e+00 1.062461e+01 1.000000e+00
 endloop
endfacet
facet normal 0.000000e+00 0.000000e+00 -1.000000e+00
 outer loop
  vertex 1.173714e+01 -4.893309e-01 0.000000e+00
  vertex 4.400859e+00 1.062461e+01 0.000000e+00
  vertex 5.260800e+00 1.022614e+01 0.000000e+00
 endloop
endfacet
facet normal 0.000000e+00 0.000000e+00 1.000000e+00
 outer loop
  vertex 1.173714e+01 -4.893309e-01 1.000000e+00
  vertex 4.400859e+00 1.062461e+01 1.000000e+00
  vertex 3.511027e+00 1.095092e+01 1.000000e+00
 endloop
endfacet
facet normal 0.000000e+00 0.000000e+00 -1.000000e+00
 outer loop
  vertex 1.173714e+01 -4.893309e-01 0.000000e+00
  vertex 3.511027e+00 1.095092e+01 0.000000e+00
  vertex 4.400859e+00 1.062461e+01 0.000000e+00
 endloop
endfacet
facet normal 0.000000e+00 0.000000e+00 1.000000e+00
 outer loop
  vertex 1.173714e+01 -4.893309e-01 1.000000e+00
  vertex 3.511027e+00 1.095092e+01 1.000000e+00
  vertex 2.597348e+00 1.120285e+01 1.000000e+00
 endloop
endfacet
facet normal 0.000000e+00 0.000000e+00 -1.000000e+00
 outer loop
  vertex 1.173714e+01 -4.893309e-01 0.000000e+00
  vertex 2.597348e+00 1.120285e+01 0.000000e+00
  vertex 3.511027e+00 1.095092e+01 0.000000e+00
 endloop
endfacet
facet normal 0.000000e+00 0.000000e+00 1.000000e+00
 outer loop
  vertex 1.173714e+01 -4.893309e-01 1.000000e+00
  vertex 2.597348e+00 1.120285e+01 1.000000e+00
  vertex 1.666026e+00 1.137868e+01 1.000000e+00
 endloop
endfacet
facet normal 0.000000e+00 0.000000e+00 -1.000000e+00
 outer loop
  vertex 1.173714e+01 -4.893309e-01 0.000000e+00
  vertex 1.666026e+00 1.137868e+01 0.000000e+00
  vertex 2.597348e+00 1.120285e+01 0.000000e+00
 endloop
endfacet
facet normal 0.000000e+00 0.000000e+00 1.000000e+00
 outer loop
  vertex 1.173714e+01 -4.893309e-01 1.000000e+00
  vertex 1.666026e+00 1.137868e+01 1.000000e+00
  vertex 7.233881e-01 1.147723e+01 1.000000e+00
 endloop
endfacet
facet normal 0.000000e+00 0.000000e+00 -1.000000e+00
 outer loop
  vertex 1.173714e+01 -4.893309e-01 0.000000e+00
  vertex 7.233881e-01 1.147723e+01 0.000000e+00
  vertex 1.666026e+00 1.137868e+01 0.000000e+00
 endloop
endfacet
facet normal 0.000000e+00 0.000000e+00 1.000000e+00
 outer loop
  vertex 1.173714e+01 -4.893309e-01 1.000000e+00
  vertex 7.233881e-01 1.147723e+01 1.000000e+00
  vertex 6.022228e-01 1.151754e+01 1.000000e+00
 endloop
endfacet
facet normal 0.000000e+00 0.000000e+00 -1.000000e+00
 outer loop
  vertex 1.173714e+01 -4.893309e-01 0.000000e+00
  vertex 6.022228e-01 1.151754e+01 0.000000e+00
  vertex 7.233881e-01 1.147723e+01 0.000000e+00
 endloop
endfacet
facet normal 0.000000e+00 -0.000000e+00 1.000000e+00
 outer loop
  vertex 4.893309e-01 1.173714e+01 1.000000e+00
  vertex 4.998553e-01 1.198958e+01 1.000000e+00
  vertex 7.347881e-16 1.200000e+01 1.000000e+00
 endloop
endfacet
facet normal 0.000000e+00 0.000000e+00 -1.000000e+00
 outer loop
  vertex 4.893309e-01 1.173714e+01 0.000000e+00
  vertex 7.347881e-16 1.200000e+01 0.000000e+00
  vertex 4.998553e-01 1.198958e+01 0.000000e+00
 endloop
endfacet
facet normal 0.000000e+00 0.000000e+00 1.000000e+00
 outer loop
  vertex 5.167724e-01 1.161243e+01 1.000000e+00
  vertex 4.893309e-01 1.173714e+01 1.000000e+00
  vertex 7.347881e-16 1.200000e+01 1.000000e+00
 endloop
endfacet
facet normal 0.000000e+00 0.000000e+00 -1.000000e+00
 outer loop
  vertex 5.167724e-01 1.161243e+01 0.000000e+00
  vertex 7.347881e-16 1.200000e+01 0.000000e+00
  vertex 4.893309e-01 1.173714e+01 0.000000e+00
 endloop
endfacet
facet normal 0.000000e+00 0.000000e+00 1.000000e+00
 outer loop
  vertex 6.022228e-01 1.151754e+01 1.000000e+00
  vertex 5.167724e-01 1.161243e+01 1.000000e+00
  vertex 7.347881e-16 1.200000e+01 1.000000e+00
 endloop
endfacet
facet normal 0.000000e+00 0.000000e+00 -1.000000e+00
 outer loop
  vertex 6.022228e-01 1.151754e+01 0.000000e+00
  vertex 7.347881e-16 1.200000e+01 0.000000e+00
  vertex 5.167724e-01 1.161243e+01 0.000000e+00
 endloop
endfacet
facet normal 0.000000e+00 0.000000e+00 1.000000e+00
 outer loop
  vertex 1.173714e+01 -4.893309e-01 1.000000e+00
  vertex 6.022228e-01 1.151754e+01 1.000000e+00
  vertex 7.347881e-16 1.200000e+01 1.000000e+00
 endloop
endfacet
facet normal 0.000000e+00 0.000000e+00 -1.000000e+00
 outer loop
  vertex 1.173714e+01 -4.893309e-01 0.000000e+00
  vertex 7.347881e-16 1.200000e+01 0.000000e+00
  vertex 6.022228e-01 1.151754e+01 0.000000e+00
 endloop
endfacet
facet normal 0.000000e+00 0.000000e+00 1.000000e+00
 outer loop
  vertex 1.173714e+01 -4.893309e-01 1.000000e+00
  vertex 7.347881e-16 1.200000e+01 1.000000e+00
  vertex -4.998553e-01 1.198958e+01 1.000000e+00
 endloop
endfacet
facet normal 0.000000e+00 0.000000e+00 -1.000000e+00
 outer loop
  vertex 1.173714e+01 -4.893309e-01 0.000000e+00
  vertex -4.998553e-01 1.198958e+01 0.000000e+00
  vertex 7.347881e-16 1.200000e+01 0.000000e+00
 endloop
endfacet
facet normal 0.000000e+00 0.000000e+00 1.000000e+00
 outer loop
  vertex 1.173714e+01 -4.893309e-01 1.000000e+00
  vertex -4.998553e-01 1.198958e+01 1.000000e+00
  vertex -4.893309e-01 1.173714e+01 1.000000e+00
 endloop
endfacet
facet normal 0.000000e+00 0.000000e+00 -1.000000e+00
 outer loop
  vertex 1.173714e+01 -4.893309e-01 0.000000e+00
  vertex -4.893309e-01 1.173714e+01 0.000000e+00
  vertex -4.998553e-01 1.198958e+01 0.000000e+00
 endloop
endfacet
facet normal 0.000000e+00 0.000000e+00 1.000000e+00
 outer loop
  vertex 1.173714e+01 -4.893309e-01 1.000000e+00
  vertex -4.893309e-01 1.173714e+01 1.000000e+00
  vertex -5.167724e-01 1.161243e+01 1.000000e+00
 endloop
endfacet
facet normal 0.000000e+00 0.000000e+00 -1.000000e+00
 outer loop
  vertex 1.173714e+01 -4.893309e-01 0.000000e+00
  vertex -5.167724e-01 1.161243e+01 0.000000e+00
  vertex -4.893309e-01 1.173714e+01 0.000000e+00
 endloop
endfacet
facet normal 0.000000e+00 0.000000e+00 1.000000e+00
 outer loop
  vertex 1.173714e+01 -4.893309e-01 1.000000e+00
  vertex -5.167724e-01 1.161243e+01 1.000000e+00
  vertex -6.022228e-01 1.151754e+01 1.000000e+00
 endloop
endfacet
facet normal 0.000000e+00 0.000000e+00 -1.000000e+00
 outer loop
  vertex 1.173714e+01 -4.893309e-01 0.000000e+00
  vertex -6.022228e-01 1.151754e+01 0.000000e+00
  vertex -5.167724e-01 1.161243e+01 0.000000e+00
 endloop
endfacet
facet normal 0.000000e+00 0.000000e+00 1.000000e+00
 outer loop
  vertex 1.173714e+01 -4.893309e-01 1.000000e+00
  vertex -6.022228e-01 1.151754e+01 1.000000e+00
  vertex -7.233881e-01 1.147723e+01 1.000000e+00
 endloop
endfacet
facet normal 0.000000e+00 0.000000e+00 -1.000000e+00
 outer loop
  vertex 1.173714e+01 -4.893309e-01 0.000000e+00
  vertex -7.233881e-01 1.147723e+01 0.000000e+00
  vertex -6.022228e-01 1.151754e+01 0.000000e+00
 endloop
endfacet
facet normal 0.000000e+00 0.000000e+00 1.000000e+00
 outer loop
  vertex 1.173714e+01 -4.893309e-01 1.000000e+00
  vertex -7.233881e-01 1.147723e+01 1.000000e+00
  vertex -1.666026e+00 1.137868e+01 1.000000e+00
 endloop
endfacet
facet normal 0.000000e+00 0.000000e+00 -1.000000e+00
 outer loop
  vertex 1.173714e+01 -4.893309e-01 0.000000e+00
  vertex -1.666026e+00 1.137868e+01 0.000000e+00
  vertex -7.233881e-01 1.147723e+01 0.000000e+00
 endloop
endfacet
facet normal 0.000000e+00 0.000000e+00 1.000000e+00
 outer loop
  vertex 1.173714e+01 -4.893309e-01 1.000000e+00
  vertex -1.666026e+00 1.137868e+01 1.000000e+00
  vertex -2.597348e+00 1.120285e+01 1.000000e+00
 endloop
endfacet
facet normal 0.000000e+00 0.000000e+00 -1.000000e+00
 outer loop
  vertex 1.173714e+01 -4.893309e-01 0.000000e+00
  vertex -2.597348e+00 1.120285e+01 0.000000e+00
  vertex -1.666026e+00 1.137868e+01 0.000000e+00
 endloop
endfacet
facet normal 0.000000e+00 0.000000e+00 1.000000e+00
 outer loop
  vertex 1.173714e+01 -4.893309e-01 1.000000e+00
  vertex -2.597348e+00 1.120285e+01 1.000000e+00
  vertex -3.511027e+00 1.095092e+01 1.000000e+00
 endloop
endfacet
facet normal 0.000000e+00 0.000000e+00 -1.000000e+00
 outer loop
  vertex 1.173714e+01 -4.893309e-01 0.000000e+00
  vertex -3.511027e+00 1.095092e+01 0.000000e+00
  vertex -2.597348e+00 1.120285e+01 0.000000e+00
 endloop
endfacet
facet normal 0.000000e+00 0.000000e+00 1.000000e+00
 outer loop
  vertex 1.173714e+01 -4.893309e-01 1.000000e+00
  vertex -3.511027e+00 1.095092e+01 1.000000e+00
  vertex -4.400859e+00 1.062461e+01 1.000000e+00
 endloop
endfacet
facet normal 0.000000e+00 0.000000e+00 -1.000000e+00
 outer loop
  vertex 1.173714e+01 -4.893309e-01 0.000000e+00
  vertex -4.400859e+00 1.062461e+01 0.000000e+00
  vertex -3.511027e+00 1.095092e+01 0.000000e+00
 endloop
endfacet
facet normal 0.000000e+00 0.000000e+00 1.000000e+00
 outer loop
  vertex 1.173714e+01 -4.893309e-01 1.000000e+00
  vertex -4.400859e+00 1.062461e+01 1.000000e+00
  vertex -5.260800e+00 1.022614e+01 1.000000e+00
 endloop
endfacet
facet normal 0.000000e+00 0.000000e+00 -1.000000e+00
 outer loop
  vertex 1.173714e+01 -4.893309e-01 0.000000e+00
  vertex -5.260800e+00 1.022614e+01 0.000000e+00
  vertex -4.400859e+00 1.062461e+01 0.000000e+00
 endloop
endfacet
facet normal 0.000000e+00 0.000000e+00 1.000000e+00
 outer loop
  vertex 1.173714e+01 -4.893309e-01 1.000000e+00
  vertex -5.260800e+00 1.022614e+01 1.000000e+00
  vertex -6.085007e+00 9.758211e+00 1.000000e+00
 endloop
endfacet
facet normal 0.000000e+00 0.000000e+00 -1.000000e+00
 outer loop
  vertex 1.173714e+01 -4.893309e-01 0.000000e+00
  vertex -6.085007e+00 9.758211e+00 0.000000e+00
  vertex -5.260800e+00 1.022614e+01 0.000000e+00
 endloop
endfacet
facet normal 0.000000e+00 0.000000e+00 1.000000e+00
 outer loop
  vertex 1.173714e+01 -4.893309e-01 1.000000e+00
  vertex -6.085007e+00 9.758211e+00 1.000000e+00
  vertex -6.867884e+00 9.224000e+00 1.000000e+00
 endloop
endfacet
facet normal 0.000000e+00 0.000000e+00 -1.000000e+00
 outer loop
  vertex 1.173714e+01 -4.893309e-01 0.000000e+00
  vertex -6.867884e+00 9.224000e+00 0.000000e+00
  vertex -6.085007e+00 9.758211e+00 0.000000e+00
 endloop
endfacet
facet normal 0.000000e+00 0.000000e+00 1.000000e+00
 outer loop
  vertex 1.173714e+01 -4.893309e-01 1.000000e+00
  vertex -6.867884e+00 9.224000e+00 1.000000e+00
  vertex -7.604112e+00 8.627137e+00 1.000000e+00
 endloop
endfacet
facet normal 0.000000e+00 0.000000e+00 -1.000000e+00
 outer loop
  vertex 1.173714e+01 -4.893309e-01 0.000000e+00
  vertex -7.604112e+00 8.627137e+00 0.000000e+00
  vertex -6.867884e+00 9.224000e+00 0.000000e+00
 endloop
endfacet
facet normal 0.000000e+00 0.000000e+00 1.000000e+00
 outer loop
  vertex 1.173714e+01 -4.893309e-01 1.000000e+00
  vertex -7.604112e+00 8.627137e+00 1.000000e+00
  vertex -7.718295e+00 8.569966e+00 1.000000e+00
 endloop
endfacet
facet normal 0.000000e+00 0.000000e+00 -1.000000e+00
 outer loop
  vertex 1.173714e+01 -4.893309e-01 0.000000e+00
  vertex -7.718295e+00 8.569966e+00 0.000000e+00
  vertex -7.604112e+00 8.627137e+00 0.000000e+00
 endloop
endfacet
facet normal 0.000000e+00 0.000000e+00 1.000000e+00
 outer loop
  vertex 1.173714e+01 -4.893309e-01 1.000000e+00
  vertex -7.718295e+00 8.569966e+00 1.000000e+00
  vertex -7.845816e+00 8.576642e+00 1.000000e+00
 endloop
endfacet
facet normal 0.000000e+00 0.000000e+00 -1.000000e+00
 outer loop
  vertex 1.173714e+01 -4.893309e-01 0.000000e+00
  vertex -7.845816e+00 8.576642e+00 0.000000e+00
  vertex -7.718295e+00 8.569966e+00 0.000000e+00
 endloop
endfacet
facet normal 0.000000e+00 0.000000e+00 1.000000e+00
 outer loop
  vertex -7.953405e+00 8.645423e+00 1.000000e+00
  vertex -8.124466e+00 8.831368e+00 1.000000e+00
  vertex -8.485281e+00 8.485281e+00 1.000000e+00
 endloop
endfacet
facet normal -0.000000e+00 0.000000e+00 -1.000000e+00
 outer loop
  vertex -7.953405e+00 8.645423e+00 0.000000e+00
  vertex -8.485281e+00 8.485281e+00 0.000000e+00
  vertex -8.124466e+00 8.831368e+00 0.000000e+00
 endloop
endfacet
facet normal 0.000000e+00 0.000000e+00 1.000000e+00
 outer loop
  vertex -7.845816e+00 8.576642e+00 1.000000e+00
  vertex -7.953405e+00 8.645423e+00 1.000000e+00
  vertex -8.485281e+00 8.485281e+00 1.000000e+00
 endloop
endfacet
facet normal -0.000000e+00 0.000000e+00 -1.000000e+00
 outer loop
  vertex -7.845816e+00 8.576642e+00 0.000000e+00
  vertex -8.485281e+00 8.485281e+00 0.000000e+00
  vertex -7.953405e+00 8.645423e+00 0.000000e+00
 endloop
endfacet
facet normal 0.000000e+00 0.000000e+00 1.000000e+00
 outer loop
  vertex 1.173714e+01 -4.893309e-01 1.000000e+00
  vertex -7.845816e+00 8.576642e+00 1.000000e+00
  vertex -8.485281e+00 8.485281e+00 1.000000e+00
 endloop
endfacet
facet normal 0.000000e+00 0.000000e+00 -1.000000e+00
 outer loop
  vertex 1.173714e+01 -4.893309e-01 0.000000e+00
  vertex -8.485281e+00 8.485281e+00 0.000000e+00
  vertex -7.845816e+00 8.576642e+00 0.000000e+00
 endloop
endfacet
facet normal 0.000000e+00 0.000000e+00 1.000000e+00
 outer loop
  vertex 1.173714e+01 -4.893309e-01 1.000000e+00
  vertex -8.485281e+00 8.485281e+00 1.000000e+00
  vertex -8.831368e+00 8.124466e+00 1.000000e+00
 endloop
endfacet
facet normal 0.000000e+00 0.000000e+00 -1.000000e+00
 outer loop
  vertex 1.173714e+01 -4.893309e-01 0.000000e+00
  vertex -8.831368e+00 8.124466e+00 0.000000e+00
  vertex -8.485281e+00 8.485281e+00 0.000000e+00
 endloop
endfacet
facet normal 0.000000e+00 0.000000e+00 1.000000e+00
 outer loop
  vertex 1.173714e+01 -4.893309e-01 1.000000e+00
  vertex -8.831368e+00 8.124466e+00 1.000000e+00
  vertex -8.645423e+00 7.953405e+00 1.000000e+00
 endloop
endfacet
facet normal 0.000000e+00 0.000000e+00 -1.000000e+00
 outer loop
  vertex 1.173714e+01 -4.893309e-01 0.000000e+00
  vertex -8.645423e+00 7.953405e+00 0.000000e+00
  vertex -8.831368e+00 8.124466e+00 0.000000e+00
 endloop
endfacet
facet normal 0.000000e+00 0.000000e+00 1.000000e+00
 outer loop
  vertex 1.173714e+01 -4.893309e-01 1.000000e+00
  vertex -8.645423e+00 7.953405e+00 1.000000e+00
  vertex -8.576642e+00 7.845816e+00 1.000000e+00
 endloop
endfacet
facet normal 0.000000e+00 0.000000e+00 -1.000000e+00
 outer loop
  vertex 1.173714e+01 -4.893309e-01 0.000000e+00
  vertex -8.576642e+00 7.845816e+00 0.000000e+00
  vertex -8.645423e+00 7.953405e+00 0.000000e+00
 endloop
endfacet
facet normal 0.000000e+00 0.000000e+00 1.000000e+00
 outer loop
  vertex 1.173714e+01 -4.893309e-01 1.000000e+00
  vertex -8.576642e+00 7.845816e+00 1.000000e+00
  vertex -8.569966e+00 7.718295e+00 1.000000e+00
 endloop
endfacet
facet normal 0.000000e+00 0.000000e+00 -1.000000e+00
 outer loop
  vertex 1.173714e+01 -4.893309e-01 0.000000e+00
  vertex -8.569966e+00 7.718295e+00 0.000000e+00
  vertex -8.576642e+00 7.845816e+00 0.000000e+00
 endloop
endfacet
facet normal 0.000000e+00 0.000000e+00 1.000000e+00
 outer loop
  vertex 1.173714e+01 -4.893309e-01 1.000000e+00
  vertex -8.569966e+00 7.718295e+00 1.000000e+00
  vertex -8.627137e+00 7.604112e+00 1.000000e+00
 endloop
endfacet
facet normal 0.000000e+00 0.000000e+00 -1.000000e+00
 outer loop
  vertex 1.173714e+01 -4.893309e-01 0.000000e+00
  vertex -8.627137e+00 7.604112e+00 0.000000e+00
  vertex -8.569966e+00 7.718295e+00 0.000000e+00
 endloop
endfacet
facet normal 0.000000e+00 0.000000e+00 1.000000e+00
 outer loop
  vertex 1.173714e+01 -4.893309e-01 1.000000e+00
  vertex -8.627137e+00 7.604112e+00 1.000000e+00
  vertex -9.224000e+00 6.867884e+00 1.000000e+00
 endloop
endfacet
facet normal 0.000000e+00 0.000000e+00 -1.000000e+00
 outer loop
  vertex 1.173714e+01 -4.893309e-01 0.000000e+00
  vertex -9.224000e+00 6.867884e+00 0.000000e+00
  vertex -8.627137e+00 7.604112e+00 0.000000e+00
 endloop
endfacet
facet normal 0.000000e+00 0.000000e+00 1.000000e+00
 outer loop
  vertex 1.173714e+01 -4.893309e-01 1.000000e+00
  vertex -9.224000e+00 6.867884e+00 1.000000e+00
  vertex -9.758211e+00 6.085007e+00 1.000000e+00
 endloop
endfacet
facet normal 0.000000e+00 0.000000e+00 -1.000000e+00
 outer loop
  vertex 1.173714e+01 -4.893309e-01 0.000000e+00
  vertex -9.758211e+00 6.085007e+00 0.000000e+00
  vertex -9.224000e+00 6.867884e+00 0.000000e+00
 endloop
endfacet
facet normal 0.000000e+00 0.000000e+00 1.000000e+00
 outer loop
  vertex 1.173714e+01 -4.893309e-01 1.000000e+00
  vertex -9.758211e+00 6.085007e+00 1.000000e+00
  vertex -1.022614e+01 5.260800e+00 1.000000e+00
 endloop
endfacet
facet normal 0.000000e+00 0.000000e+00 -1.000000e+00
 outer loop
  vertex 1.173714e+01 -4.893309e-01 0.000000e+00
  vertex -1.022614e+01 5.260800e+00 0.000000e+00
  vertex -9.758211e+00 6.085007e+00 0.000000e+00
 endloop
endfacet
facet normal 0.000000e+00 0.000000e+00 1.000000e+00
 outer loop
  vertex 1.173714e+01 -4.893309e-01 1.000000e+00
  vertex -1.022614e+01 5.260800e+00 1.000000e+00
  vertex -1.062461e+01 4.400859e+00 1.000000e+00
 endloop
endfacet
facet normal 0.000000e+00 0.000000e+00 -1.000000e+00
 outer loop
  vertex 1.173714e+01 -4.893309e-01 0.000000e+00
  vertex -1.062461e+01 4.400859e+00 0.000000e+00
  vertex -1.022614e+01 5.260800e+00 0.000000e+00
 endloop
endfacet
facet normal 0.000000e+00 0.000000e+00 1.000000e+00
 outer loop
  vertex 1.173714e+01 -4.893309e-01 1.000000e+00
  vertex -1.062461e+01 4.400859e+00 1.000000e+00
  vertex -1.095092e+01 3.511027e+00 1.000000e+00
 endloop
endfacet
facet normal 0.000000e+00 0.000000e+00 -1.000000e+00
 outer loop
  vertex 1.173714e+01 -4.893309e-01 0.000000e+00
  vertex -1.095092e+01 3.511027e+00 0.000000e+00
  vertex -1.062461e+01 4.400859e+00 0.000000e+00
 endloop
endfacet
facet normal 0.000000e+00 0.000000e+00 1.000000e+00
 outer loop
  vertex 1.173714e+01 -4.893309e-01 1.000000e+00
  vertex -1.095092e+01 3.511027e+00 1.000000e+00
  vertex -1.120285e+01 2.597348e+00 1.000000e+00
 endloop
endfacet
facet normal 0.000000e+00 0.000000e+00 -1.000000e+00
 outer loop
  vertex 1.173714e+01 -4.893309e-01 0.000000e+00
  vertex -1.120285e+01 2.597348e+00 0.000000e+00
  vertex -1.095092e+01 3.511027e+00 0.000000e+00
 endloop
endfacet
facet normal 0.000000e+00 0.000000e+00 1.000000e+00
 outer loop
  vertex 1.173714e+01 -4.893309e-01 1.000000e+00
  vertex -1.120285e+01 2.597348e+00 1.000000e+00
  vertex -1.137868e+01 1.666026e+00 1.000000e+00
 endloop
endfacet
facet normal 0.000000e+00 0.000000e+00 -1.000000e+00
 outer loop
  vertex 1.173714e+01 -4.893309e-01 0.000000e+00
  vertex -1.137868e+01 1.666026e+00 0.000000e+00
  vertex -1.120285e+01 2.597348e+00 0.000000e+00
 endloop
endfacet
facet normal 0.000000e+00 0.000000e+00 1.000000e+00
 outer loop
  vertex 1.173714e+01 -4.893309e-01 1.000000e+00
  vertex -1.137868e+01 1.666026e+00 1.000000e+00
  vertex -1.147723e+01 7.233881e-01 1.000000e+00
 endloop
endfacet
facet normal 0.000000e+00 0.000000e+00 -1.000000e+00
 outer loop
  vertex 1.173714e+01 -4.893309e-01 0.000000e+00
  vertex -1.147723e+01 7.233881e-01 0.000000e+00
  vertex -1.137868e+01 1.666026e+00 0.000000e+00
 endloop
endfacet
facet normal 0.000000e+00 0.000000e+00 1.000000e+00
 outer loop
  vertex 1.173714e+01 -4.893309e-01 1.000000e+00
  vertex -1.147723e+01 7.233881e-01 1.000000e+00
  vertex -1.151754e+01 6.022228e-01 1.000000e+00
 endloop
endfacet
facet normal 0.000000e+00 0.000000e+00 -1.000000e+00
 outer loop
  vertex 1.173714e+01 -4.893309e-01 0.000000e+00
  vertex -1.151754e+01 6.022228e-01 0.000000e+00
  vertex -1.147723e+01 7.233881e-01 0.000000e+00
 endloop
endfacet
facet normal 0.000000e+00 0.000000e+00 1.000000e+00
 outer loop
  vertex 1.173714e+01 -4.893309e-01 1.000000e+00
  vertex -1.151754e+01 6.022228e-01 1.000000e+00
  vertex -1.161243e+01 5.167724e-01 1.000000e+00
 endloop
endfacet
facet normal 0.000000e+00 0.000000e+00 -1.000000e+00
 outer loop
  vertex 1.173714e+01 -4.893309e-01 0.000000e+00
  vertex -1.161243e+01 5.167724e-01 0.000000e+00
  vertex -1.151754e+01 6.022228e-01 0.000000e+00
 endloop
endfacet
facet normal 0.000000e+00 0.000000e+00 1.000000e+00
 outer loop
  vertex 1.173714e+01 -4.893309e-01 1.000000e+00
  vertex -1.161243e+01 5.167724e-01 1.000000e+00
  vertex -1.173714e+01 4.893309e-01 1.000000e+00
 endloop
endfacet
facet normal 0.000000e+00 0.000000e+00 -1.000000e+00
 outer loop
  vertex 1.173714e+01 -4.893309e-01 0.000000e+00
  vertex -1.173714e+01 4.893309e-01 0.000000e+00
  vertex -1.161243e+01 5.167724e-01 0.000000e+00
 endloop
endfacet
facet normal 0.000000e+00 0.000000e+00 1.000000e+00
 outer loop
  vertex -1.173714e+01 4.893309e-01 1.000000e+00
  vertex -1.198958e+01 4.998553e-01 1.000000e+00
  vertex -1.200000e+01 1.469576e-15 1.000000e+00
 endloop
endfacet
facet normal -0.000000e+00 0.000000e+00 -1.000000e+00
 outer loop
  vertex -1.173714e+01 4.893309e-01 0.000000e+00
  vertex -1.200000e+01 1.469576e-15 0.000000e+00
  vertex -1.198958e+01 4.998553e-01 0.000000e+00
 endloop
endfacet
facet normal 0.000000e+00 0.000000e+00 1.000000e+00
 outer loop
  vertex 1.173714e+01 -4.893309e-01 1.000000e+00
  vertex -1.173714e+01 4.893309e-01 1.000000e+00
  vertex -1.200000e+01 1.469576e-15 1.000000e+00
 endloop
endfacet
facet normal 0.000000e+00 0.000000e+00 -1.000000e+00
 outer loop
  vertex 1.173714e+01 -4.893309e-01 0.000000e+00
  vertex -1.200000e+01 1.469576e-15 0.000000e+00
  vertex -1.173714e+01 4.893309e-01 0.000000e+00
 endloop
endfacet
facet normal 0.000000e+00 0.000000e+00 1.000000e+00
 outer loop
  vertex -1.200000e+01 1.469576e-15 1.000000e+00
  vertex -1.198958e+01 -4.998553e-01 1.000000e+00
  vertex -1.173714e+01 -4.893309e-01 1.000000e+00
 endloop
endfacet
facet normal 0.000000e+00 0.000000e+00 -1.000000e+00
 outer loop
  vertex -1.200000e+01 1.469576e-15 0.000000e+00
  vertex -1.173714e+01 -4.893309e-01 0.000000e+00
  vertex -1.198958e+01 -4.998553e-01 0.000000e+00
 endloop
endfacet
facet normal 0.000000e+00 0.000000e+00 1.000000e+00
 outer loop
  vertex 1.173714e+01 -4.893309e-01 1.000000e+00
  vertex -1.200000e+01 1.469576e-15 1.000000e+00
  vertex -1.173714e+01 -4.893309e-01 1.000000e+00
 endloop
endfacet
facet normal 0.000000e+00 0.000000e+00 -1.000000e+00
 outer loop
  vertex 1.173714e+01 -4.893309e-01 0.000000e+00
  vertex -1.173714e+01 -4.893309e-01 0.000000e+00
  vertex -1.200000e+01 1.469576e-15 0.000000e+00
 endloop
endfacet
facet normal 0.000000e+00 0.000000e+00 1.000000e+00
 outer loop
  vertex 1.173714e+01 -4.893309e-01 1.000000e+00
  vertex -1.173714e+01 -4.893309e-01 1.000000e+00
  vertex -1.161243e+01 -5.167724e-01 1.000000e+00
 endloop
endfacet
facet normal -0.000000e+00 0.000000e+00 -1.000000e+00
 outer loop
  vertex 1.173714e+01 -4.893309e-01 0.000000e+00
  vertex -1.161243e+01 -5.167724e-01 0.000000e+00
  vertex -1.173714e+01 -4.893309e-01 0.000000e+00
 endloop
endfacet
facet normal 0.000000e+00 0.000000e+00 1.000000e+00
 outer loop
  vertex 1.173714e+01 -4.893309e-01 1.000000e+00
  vertex -1.161243e+01 -5.167724e-01 1.000000e+00
  vertex -1.151754e+01 -6.022228e-01 1.000000e+00
 endloop
endfacet
facet normal 0.000000e+00 0.000000e+00 -1.000000e+00
 outer loop
  vertex 1.173714e+01 -4.893309e-01 0.000000e+00
  vertex -1.151754e+01 -6.022228e-01 0.000000e+00
  vertex -1.161243e+01 -5.167724e-01 0.000000e+00
 endloop
endfacet
facet normal 0.000000e+00 0.000000e+00 1.000000e+00
 outer loop
  vertex 1.173714e+01 -4.893309e-01 1.000000e+00
  vertex -1.151754e+01 -6.022228e-01 1.000000e+00
  vertex -1.147723e+01 -7.233881e-01 1.000000e+00
 endloop
endfacet
facet normal 0.000000e+00 0.000000e+00 -1.000000e+00
 outer loop
  vertex 1.173714e+01 -4.893309e-01 0.000000e+00
  vertex -1.147723e+01 -7.233881e-01 0.000000e+00
  vertex -1.151754e+01 -6.022228e-01 0.000000e+00
 endloop
endfacet
facet normal 0.000000e+00 0.000000e+00 1.000000e+00
 outer loop
  vertex 1.173714e+01 -4.893309e-01 1.000000e+00
  vertex -1.147723e+01 -7.233881e-01 1.000000e+00
  vertex -1.137868e+01 -1.666026e+00 1.000000e+00
 endloop
endfacet
facet normal 0.000000e+00 0.000000e+00 -1.000000e+00
 outer loop
  vertex 1.173714e+01 -4.893309e-01 0.000000e+00
  vertex -1.137868e+01 -1.666026e+00 0.000000e+00
  vertex -1.147723e+01 -7.233881e-01 0.000000e+00
 endloop
endfacet
facet normal 0.000000e+00 0.000000e+00 1.000000e+00
 outer loop
  vertex 1.173714e+01 -4.893309e-01 1.000000e+00
  vertex -1.137868e+01 -1.666026e+00 1.000000e+00
  vertex -1.120285e+01 -2.597348e+00 1.000000e+00
 endloop
endfacet
facet normal 0.000000e+00 0.000000e+00 -1.000000e+00
 outer loop
  vertex 1.173714e+01 -4.893309e-01 0.000000e+00
  vertex -1.120285e+01 -2.597348e+00 0.000000e+00
  vertex -1.137868e+01 -1.666026e+00 0.000000e+00
 endloop
endfacet
facet normal 0.000000e+00 0.000000e+00 1.000000e+00
 outer loop
  vertex 1.173714e+01 -4.893309e-01 1.000000e+00
  vertex -1.120285e+01 -2.597348e+00 1.000000e+00
  vertex -1.095092e+01 -3.511027e+00 1.000000e+00
 endloop
endfacet
facet normal 0.000000e+00 0.000000e+00 -1.000000e+00
 outer loop
  vertex 1.173714e+01 -4.893309e-01 0.000000e+00
  vertex -1.095092e+01 -3.511027e+00 0.000000e+00
  vertex -1.120285e+01 -2.597348e+00 0.000000e+00
 endloop
endfacet
facet normal 0.000000e+00 0.000000e+00 1.000000e+00
 outer loop
  vertex 1.173714e+01 -4.893309e-01 1.000000e+00
  vertex -1.095092e+01 -3.511027e+00 1.000000e+00
  vertex -1.062461e+01 -4.400859e+00 1.000000e+00
 endloop
endfacet
facet normal 0.000000e+00 0.000000e+00 -1.000000e+00
 outer loop
  vertex 1.173714e+01 -4.893309e-01 0.000000e+00
  vertex -1.062461e+01 -4.400859e+00 0.000000e+00
  vertex -1.095092e+01 -3.511027e+00 0.000000e+00
 endloop
endfacet
facet normal 0.000000e+00 0.000000e+00 1.000000e+00
 outer loop
  vertex 1.173714e+01 -4.893309e-01 1.000000e+00
  vertex -1.062461e+01 -4.400859e+00 1.000000e+00
  vertex -1.022614e+01 -5.260800e+00 1.000000e+00
 endloop
endfacet
facet normal 0.000000e+00 0.000000e+00 -1.000000e+00
 outer loop
  vertex 1.173714e+01 -4.893309e-01 0.000000e+00
  vertex -1.022614e+01 -5.260800e+00 0.000000e+00
  vertex -1.062461e+01 -4.400859e+00 0.000000e+00
 endloop
endfacet
facet normal 0.000000e+00 0.000000e+00 1.000000e+00
 outer loop
  vertex -1.022614e+01 -5.260800e+00 1.000000e+00
  vertex -9.758211e+00 -6.085007e+00 1.000000e+00
  vertex -9.224000e+00 -6.867884e+00 1.000000e+00
 endloop
endfacet
facet normal 0.000000e+00 0.000000e+00 -1.000000e+00
 outer loop
  vertex -1.022614e+01 -5.260800e+00 0.000000e+00
  vertex -9.224000e+00 -6.867884e+00 0.000000e+00
  vertex -9.758211e+00 -6.085007e+00 0.000000e+00
 endloop
endfacet
facet normal 0.000000e+00 0.000000e+00 1.000000e+00
 outer loop
  vertex -1.022614e+01 -5.260800e+00 1.000000e+00
  vertex -9.224000e+00 -6.867884e+00 1.000000e+00
  vertex -8.627137e+00 -7.604112e+00 1.000000e+00
 endloop
endfacet
facet normal 0.000000e+00 0.000000e+00 -1.000000e+00
 outer loop
  vertex -1.022614e+01 -5.260800e+00 0.000000e+00
  vertex -8.627137e+00 -7.604112e+00 0.000000e+00
  vertex -9.224000e+00 -6.867884e+00 0.000000e+00
 endloop
endfacet
facet normal 0.000000e+00 0.000000e+00 1.000000e+00
 outer loop
  vertex -8.645423e+00 -7.953405e+00 1.000000e+00
  vertex -8.831368e+00 -8.124466e+00 1.000000e+00
  vertex -8.485281e+00 -8.485281e+00 1.000000e+00
 endloop
endfacet
facet normal 0.000000e+00 -0.000000e+00 -1.000000e+00
 outer loop
  vertex -8.645423e+00 -7.953405e+00 0.000000e+00
  vertex -8.485281e+00 -8.485281e+00 0.000000e+00
  vertex -8.831368e+00 -8.124466e+00 0.000000e+00
 endloop
endfacet
facet normal 0.000000e+00 0.000000e+00 1.000000e+00
 outer loop
  vertex -8.576642e+00 -7.845816e+00 1.000000e+00
  vertex -8.645423e+00 -7.953405e+00 1.000000e+00
  vertex -8.485281e+00 -8.485281e+00 1.000000e+00
 endloop
endfacet
facet normal 0.000000e+00 -0.000000e+00 -1.000000e+00
 outer loop
  vertex -8.576642e+00 -7.845816e+00 0.000000e+00
  vertex -8.485281e+00 -8.485281e+00 0.000000e+00
  vertex -8.645423e+00 -7.953405e+00 0.000000e+00
 endloop
endfacet
facet normal 0.000000e+00 0.000000e+00 1.000000e+00
 outer loop
  vertex -8.569966e+00 -7.718295e+00 1.000000e+00
  vertex -8.576642e+00 -7.845816e+00 1.000000e+00
  vertex -8.485281e+00 -8.485281e+00 1.000000e+00
 endloop
endfacet
facet normal 0.000000e+00 -0.000000e+00 -1.000000e+00
 outer loop
  vertex -8.569966e+00 -7.718295e+00 0.000000e+00
  vertex -8.485281e+00 -8.485281e+00 0.000000e+00
  vertex -8.576642e+00 -7.845816e+00 0.000000e+00
 endloop
endfacet
facet normal 0.000000e+00 0.000000e+00 1.000000e+00
 outer loop
  vertex -8.569966e+00 -7.718295e+00 1.000000e+00
  vertex -8.485281e+00 -8.485281e+00 1.000000e+00
  vertex -8.124466e+00 -8.831368e+00 1.000000e+00
 endloop
endfacet
facet normal 0.000000e+00 0.000000e+00 -1.000000e+00
 outer loop
  vertex -8.569966e+00 -7.718295e+00 0.000000e+00
  vertex -8.124466e+00 -8.831368e+00 0.000000e+00
  vertex -8.485281e+00 -8.485281e+00 0.000000e+00
 endloop
endfacet
facet normal 0.000000e+00 0.000000e+00 1.000000e+00
 outer loop
  vertex -8.569966e+00 -7.718295e+00 1.000000e+00
  vertex -8.124466e+00 -8.831368e+00 1.000000e+00
  vertex -7.953405e+00 -8.645423e+00 1.000000e+00
 endloop
endfacet
facet normal 0.000000e+00 0.000000e+00 -1.000000e+00
 outer loop
  vertex -8.569966e+00 -7.718295e+00 0.000000e+00
  vertex -7.953405e+00 -8.645423e+00 0.000000e+00
  vertex -8.124466e+00 -8.831368e+00 0.000000e+00
 endloop
endfacet
facet normal 0.000000e+00 0.000000e+00 1.000000e+00
 outer loop
  vertex -8.627137e+00 -7.604112e+00 1.000000e+00
  vertex -8.569966e+00 -7.718295e+00 1.000000e+00
  vertex -7.953405e+00 -8.645423e+00 1.000000e+00
 endloop
endfacet
facet normal 0.000000e+00 0.000000e+00 -1.000000e+00
 outer loop
  vertex -8.627137e+00 -7.604112e+00 0.000000e+00
  vertex -7.953405e+00 -8.645423e+00 0.000000e+00
  vertex -8.569966e+00 -7.718295e+00 0.000000e+00
 endloop
endfacet
facet normal 0.000000e+00 0.000000e+00 1.000000e+00
 outer loop
  vertex -8.627137e+00 -7.604112e+00 1.000000e+00
  vertex -7.953405e+00 -8.645423e+00 1.000000e+00
  vertex -7.845816e+00 -8.576642e+00 1.000000e+00
 endloop
endfacet
facet normal 0.000000e+00 0.000000e+00 -1.000000e+00
 outer loop
  vertex -8.627137e+00 -7.604112e+00 0.000000e+00
  vertex -7.845816e+00 -8.576642e+00 0.000000e+00
  vertex -7.953405e+00 -8.645423e+00 0.000000e+00
 endloop
endfacet
facet normal 0.000000e+00 0.000000e+00 1.000000e+00
 outer loop
  vertex -1.022614e+01 -5.260800e+00 1.000000e+00
  vertex -8.627137e+00 -7.604112e+00 1.000000e+00
  vertex -7.845816e+00 -8.576642e+00 1.000000e+00
 endloop
endfacet
facet normal 0.000000e+00 0.000000e+00 -1.000000e+00
 outer loop
  vertex -1.022614e+01 -5.260800e+00 0.000000e+00
  vertex -7.845816e+00 -8.576642e+00 0.000000e+00
  vertex -8.627137e+00 -7.604112e+00 0.000000e+00
 endloop
endfacet
facet normal 0.000000e+00 0.000000e+00 1.000000e+00
 outer loop
  vertex -1.022614e+01 -5.260800e+00 1.000000e+00
  vertex -7.845816e+00 -8.576642e+00 1.000000e+00
  vertex -7.718295e+00 -8.569966e+00 1.000000e+00
 endloop
endfacet
facet normal 0.000000e+00 0.000000e+00 -1.000000e+00
 outer loop
  vertex -1.022614e+01 -5.260800e+00 0.000000e+00
  vertex -7.718295e+00 -8.569966e+00 0.000000e+00
  vertex -7.845816e+00 -8.576642e+00 0.000000e+00
 endloop
endfacet
facet normal 0.000000e+00 0.000000e+00 1.000000e+00
 outer loop
  vertex -1.022614e+01 -5.260800e+00 1.000000e+00
  vertex -7.718295e+00 -8.569966e+00 1.000000e+00
  vertex -7.604112e+00 -8.627137e+00 1.000000e+00
 endloop
endfacet
facet normal 0.000000e+00 0.000000e+00 -1.000000e+00
 outer loop
  vertex -1.022614e+01 -5.260800e+00 0.000000e+00
  vertex -7.604112e+00 -8.627137e+00 0.000000e+00
  vertex -7.718295e+00 -8.569966e+00 0.000000e+00
 endloop
endfacet
facet normal 0.000000e+00 0.000000e+00 1.000000e+00
 outer loop
  vertex -1.022614e+01 -5.260800e+00 1.000000e+00
  vertex -7.604112e+00 -8.627137e+00 1.000000e+00
  vertex -6.867884e+00 -9.224000e+00 1.000000e+00
 endloop
endfacet
facet normal 0.000000e+00 0.000000e+00 -1.000000e+00
 outer loop
  vertex -1.022614e+01 -5.260800e+00 0.000000e+00
  vertex -6.867884e+00 -9.224000e+00 0.000000e+00
  vertex -7.604112e+00 -8.627137e+00 0.000000e+00
 endloop
endfacet
facet normal 0.000000e+00 0.000000e+00 1.000000e+00
 outer loop
  vertex -1.022614e+01 -5.260800e+00 1.000000e+00
  vertex -6.867884e+00 -9.224000e+00 1.000000e+00
  vertex -6.085007e+00 -9.758211e+00 1.000000e+00
 endloop
endfacet
facet normal 0.000000e+00 0.000000e+00 -1.000000e+00
 outer loop
  vertex -1.022614e+01 -5.260800e+00 0.000000e+00
  vertex -6.085007e+00 -9.758211e+00 0.000000e+00
  vertex -6.867884e+00 -9.224000e+00 0.000000e+00
 endloop
endfacet
facet normal 0.000000e+00 0.000000e+00 1.000000e+00
 outer loop
  vertex -1.022614e+01 -5.260800e+00 1.000000e+00
  vertex -6.085007e+00 -9.758211e+00 1.000000e+00
  vertex -5.260800e+00 -1.022614e+01 1.000000e+00
 endloop
endfacet
facet normal 0.000000e+00 0.000000e+00 -1.000000e+00
 outer loop
  vertex -1.022614e+01 -5.260800e+00 0.000000e+00
  vertex -5.260800e+00 -1.022614e+01 0.000000e+00
  vertex -6.085007e+00 -9.758211e+00 0.000000e+00
 endloop
endfacet
facet normal 0.000000e+00 0.000000e+00 1.000000e+00
 outer loop
  vertex -1.022614e+01 -5.260800e+00 1.000000e+00
  vertex -5.260800e+00 -1.022614e+01 1.000000e+00
  vertex -4.400859e+00 -1.062461e+01 1.000000e+00
 endloop
endfacet
facet normal 0.000000e+00 0.000000e+00 -1.000000e+00
 outer loop
  vertex -1.022614e+01 -5.260800e+00 0.000000e+00
  vertex -4.400859e+00 -1.062461e+01 0.000000e+00
  vertex -5.260800e+00 -1.022614e+01 0.000000e+00
 endloop
endfacet
facet normal 0.000000e+00 0.000000e+00 1.000000e+00
 outer loop
  vertex -1.022614e+01 -5.260800e+00 1.000000e+00
  vertex -4.400859e+00 -1.062461e+01 1.000000e+00
  vertex -3.511027e+00 -1.095092e+01 1.000000e+00
 endloop
endfacet
facet normal 0.000000e+00 0.000000e+00 -1.000000e+00
 outer loop
  vertex -1.022614e+01 -5.260800e+00 0.000000e+00
  vertex -3.511027e+00 -1.095092e+01 0.000000e+00
  vertex -4.400859e+00 -1.062461e+01 0.000000e+00
 endloop
endfacet
facet normal 0.000000e+00 0.000000e+00 1.000000e+00
 outer loop
  vertex -1.022614e+01 -5.260800e+00 1.000000e+00
  vertex -3.511027e+00 -1.095092e+01 1.000000e+00
  vertex -2.597348e+00 -1.120285e+01 1.000000e+00
 endloop
endfacet
facet normal 0.000000e+00 0.000000e+00 -1.000000e+00
 outer loop
  vertex -1.022614e+01 -5.260800e+00 0.000000e+00
  vertex -2.597348e+00 -1.120285e+01 0.000000e+00
  vertex -3.511027e+00 -1.095092e+01 0.000000e+00
 endloop
endfacet
facet normal 0.000000e+00 0.000000e+00 1.000000e+00
 outer loop
  vertex -1.022614e+01 -5.260800e+00 1.000000e+00
  vertex -2.597348e+00 -1.120285e+01 1.000000e+00
  vertex -1.666026e+00 -1.137868e+01 1.000000e+00
 endloop
endfacet
facet normal 0.000000e+00 0.000000e+00 -1.000000e+00
 outer loop
  vertex -1.022614e+01 -5.260800e+00 0.000000e+00
  vertex -1.666026e+00 -1.137868e+01 0.000000e+00
  vertex -2.597348e+00 -1.120285e+01 0.000000e+00
 endloop
endfacet
facet normal 0.000000e+00 0.000000e+00 1.000000e+00
 outer loop
  vertex -1.022614e+01 -5.260800e+00 1.000000e+00
  vertex -1.666026e+00 -1.137868e+01 1.000000e+00
  vertex -7.233881e-01 -1.147723e+01 1.000000e+00
 endloop
endfacet
facet normal 0.000000e+00 0.000000e+00 -1.000000e+00
 outer loop
  vertex -1.022614e+01 -5.260800e+00 0.000000e+00
  vertex -7.233881e-01 -1.147723e+01 0.000000e+00
  vertex -1.666026e+00 -1.137868e+01 0.000000e+00
 endloop
endfacet
facet normal 0.000000e+00 0.000000e+00 1.000000e+00
 outer loop
  vertex -1.022614e+01 -5.260800e+00 1.000000e+00
  vertex -7.233881e-01 -1.147723e+01 1.000000e+00
  vertex -6.022228e-01 -1.151754e+01 1.000000e+00
 endloop
endfacet
facet normal 0.000000e+00 0.000000e+00 -1.000000e+00
 outer loop
  vertex -1.022614e+01 -5.260800e+00 0.000000e+00
  vertex -6.022228e-01 -1.151754e+01 0.000000e+00
  vertex -7.233881e-01 -1.147723e+01 0.000000e+00
 endloop
endfacet
facet normal 0.000000e+00 0.000000e+00 1.000000e+00
 outer loop
  vertex -4.893309e-01 -1.173714e+01 1.000000e+00
  vertex -4.998553e-01 -1.198958e+01 1.000000e+00
  vertex -1.929747e-15 -1.200000e+01 1.000000e+00
 endloop
endfacet
facet normal 0.000000e+00 -0.000000e+00 -1.000000e+00
 outer loop
  vertex -4.893309e-01 -1.173714e+01 0.000000e+00
  vertex -1.929747e-15 -1.200000e+01 0.000000e+00
  vertex -4.998553e-01 -1.198958e+01 0.000000e+00
 endloop
endfacet
facet normal 0.000000e+00 0.000000e+00 1.000000e+00
 outer loop
  vertex -5.167724e-01 -1.161243e+01 1.000000e+00
  vertex -4.893309e-01 -1.173714e+01 1.000000e+00
  vertex -1.929747e-15 -1.200000e+01 1.000000e+00
 endloop
endfacet
facet normal 0.000000e+00 0.000000e+00 -1.000000e+00
 outer loop
  vertex -5.167724e-01 -1.161243e+01 0.000000e+00
  vertex -1.929747e-15 -1.200000e+01 0.000000e+00
  vertex -4.893309e-01 -1.173714e+01 0.000000e+00
 endloop
endfacet
facet normal 0.000000e+00 0.000000e+00 1.000000e+00
 outer loop
  vertex -6.022228e-01 -1.151754e+01 1.000000e+00
  vertex -5.167724e-01 -1.161243e+01 1.000000e+00
  vertex -1.929747e-15 -1.200000e+01 1.000000e+00
 endloop
endfacet
facet normal 0.000000e+00 0.000000e+00 -1.000000e+00
 outer loop
  vertex -6.022228e-01 -1.151754e+01 0.000000e+00
  vertex -1.929747e-15 -1.200000e+01 0.000000e+00
  vertex -5.167724e-01 -1.161243e+01 0.000000e+00
 endloop
endfacet
facet normal 0.000000e+00 0.000000e+00 1.000000e+00
 outer loop
  vertex -6.022228e-01 -1.151754e+01 1.000000e+00
  vertex -1.929747e-15 -1.200000e+01 1.000000e+00
  vertex 4.998553e-01 -1.198958e+01 1.000000e+00
 endloop
endfacet
facet normal 0.000000e+00 0.000000e+00 -1.000000e+00
 outer loop
  vertex -6.022228e-01 -1.151754e+01 0.000000e+00
  vertex 4.998553e-01 -1.198958e+01 0.000000e+00
  vertex -1.929747e-15 -1.200000e+01 0.000000e+00
 endloop
endfacet
facet normal 0.000000e+00 0.000000e+00 1.000000e+00
 outer loop
  vertex -1.022614e+01 -5.260800e+00 1.000000e+00
  vertex -6.022228e-01 -1.151754e+01 1.000000e+00
  vertex 4.998553e-01 -1.198958e+01 1.000000e+00
 endloop
endfacet
facet normal 0.000000e+00 0.000000e+00 -1.000000e+00
 outer loop
  vertex -1.022614e+01 -5.260800e+00 0.000000e+00
  vertex 4.998553e-01 -1.198958e+01 0.000000e+00
  vertex -6.022228e-01 -1.151754e+01 0.000000e+00
 endloop
endfacet
facet normal 0.000000e+00 0.000000e+00 1.000000e+00
 outer loop
  vertex -1.022614e+01 -5.260800e+00 1.000000e+00
  vertex 4.998553e-01 -1.198958e+01 1.000000e+00
  vertex 4.893309e-01 -1.173714e+01 1.000000e+00
 endloop
endfacet
facet normal 0.000000e+00 0.000000e+00 -1.000000e+00
 outer loop
  vertex -1.022614e+01 -5.260800e+00 0.000000e+00
  vertex 4.893309e-01 -1.173714e+01 0.000000e+00
  vertex 4.998553e-01 -1.198958e+01 0.000000e+00
 endloop
endfacet
facet normal 0.000000e+00 0.000000e+00 1.000000e+00
 outer loop
  vertex -1.022614e+01 -5.260800e+00 1.000000e+00
  vertex 4.893309e-01 -1.173714e+01 1.000000e+00
  vertex 5.167724e-01 -1.161243e+01 1.000000e+00
 endloop
endfacet
facet normal 0.000000e+00 0.000000e+00 -1.000000e+00
 outer loop
  vertex -1.022614e+01 -5.260800e+00 0.000000e+00
  vertex 5.167724e-01 -1.161243e+01 0.000000e+00
  vertex 4.893309e-01 -1.173714e+01 0.000000e+00
 endloop
endfacet
facet normal 0.000000e+00 0.000000e+00 1.000000e+00
 outer loop
  vertex -1.022614e+01 -5.260800e+00 1.000000e+00
  vertex 5.167724e-01 -1.161243e+01 1.000000e+00
  vertex 6.022228e-01 -1.151754e+01 1.000000e+00
 endloop
endfacet
facet normal 0.000000e+00 0.000000e+00 -1.000000e+00
 outer loop
  vertex -1.022614e+01 -5.260800e+00 0.000000e+00
  vertex 6.022228e-01 -1.151754e+01 0.000000e+00
  vertex 5.167724e-01 -1.161243e+01 0.000000e+00
 endloop
endfacet
facet normal 0.000000e+00 0.000000e+00 1.000000e+00
 outer loop
  vertex -1.022614e+01 -5.260800e+00 1.000000e+00
  vertex 6.022228e-01 -1.151754e+01 1.000000e+00
  vertex 7.233881e-01 -1.147723e+01 1.000000e+00
 endloop
endfacet
facet normal 0.000000e+00 0.000000e+00 -1.000000e+00
 outer loop
  vertex -1.022614e+01 -5.260800e+00 0.000000e+00
  vertex 7.233881e-01 -1.147723e+01 0.000000e+00
  vertex 6.022228e-01 -1.151754e+01 0.000000e+00
 endloop
endfacet
facet normal 0.000000e+00 0.000000e+00 1.000000e+00
 outer loop
  vertex -1.022614e+01 -5.260800e+00 1.000000e+00
  vertex 7.233881e-01 -1.147723e+01 1.000000e+00
  vertex 1.666026e+00 -1.137868e+01 1.000000e+00
 endloop
endfacet
facet normal 0.000000e+00 0.000000e+00 -1.000000e+00
 outer loop
  vertex -1.022614e+01 -5.260800e+00 0.000000e+00
  vertex 1.666026e+00 -1.137868e+01 0.000000e+00
  vertex 7.233881e-01 -1.147723e+01 0.000000e+00
 endloop
endfacet
facet normal 0.000000e+00 0.000000e+00 1.000000e+00
 outer loop
  vertex -1.022614e+01 -5.260800e+00 1.000000e+00
  vertex 1.666026e+00 -1.137868e+01 1.000000e+00
  vertex 2.597348e+00 -1.120285e+01 1.000000e+00
 endloop
endfacet
facet normal 0.000000e+00 0.000000e+00 -1.000000e+00
 outer loop
  vertex -1.022614e+01 -5.260800e+00 0.000000e+00
  vertex 2.597348e+00 -1.120285e+01 0.000000e+00
  vertex 1.666026e+00 -1.137868e+01 0.000000e+00
 endloop
endfacet
facet normal 0.000000e+00 0.000000e+00 1.000000e+00
 outer loop
  vertex -1.022614e+01 -5.260800e+00 1.000000e+00
  vertex 2.597348e+00 -1.120285e+01 1.000000e+00
  vertex 3.511027e+00 -1.095092e+01 1.000000e+00
 endloop
endfacet
facet normal 0.000000e+00 0.000000e+00 -1.000000e+00
 outer loop
  vertex -1.022614e+01 -5.260800e+00 0.000000e+00
  vertex 3.511027e+00 -1.095092e+01 0.000000e+00
  vertex 2.597348e+00 -1.120285e+01 0.000000e+00
 endloop
endfacet
facet normal 0.000000e+00 0.000000e+00 1.000000e+00
 outer loop
  vertex -1.022614e+01 -5.260800e+00 1.000000e+00
  vertex 3.511027e+00 -1.095092e+01 1.000000e+00
  vertex 4.400859e+00 -1.062461e+01 1.000000e+00
 endloop
endfacet
facet normal 0.000000e+00 0.000000e+00 -1.000000e+00
 outer loop
  vertex -1.022614e+01 -5.260800e+00 0.000000e+00
  vertex 4.400859e+00 -1.062461e+01 0.000000e+00
  vertex 3.511027e+00 -1.095092e+01 0.000000e+00
 endloop
endfacet
facet normal 0.000000e+00 0.000000e+00 1.000000e+00
 outer loop
  vertex -1.022614e+01 -5.260800e+00 1.000000e+00
  vertex 4.400859e+00 -1.062461e+01 1.000000e+00
  vertex 5.260800e+00 -1.022614e+01 1.000000e+00
 endloop
endfacet
facet normal 0.000000e+00 0.000000e+00 -1.000000e+00
 outer loop
  vertex -1.022614e+01 -5.260800e+00 0.000000e+00
  vertex 5.260800e+00 -1.022614e+01 0.000000e+00
  vertex 4.400859e+00 -1.062461e+01 0.000000e+00
 endloop
endfacet
facet normal 0.000000e+00 0.000000e+00 1.000000e+00
 outer loop
  vertex -1.022614e+01 -5.260800e+00 1.000000e+00
  vertex 5.260800e+00 -1.022614e+01 1.000000e+00
  vertex 6.085007e+00 -9.758211e+00 1.000000e+00
 endloop
endfacet
facet normal 0.000000e+00 0.000000e+00 -1.000000e+00
 outer loop
  vertex -1.022614e+01 -5.260800e+00 0.000000e+00
  vertex 6.085007e+00 -9.758211e+00 0.000000e+00
  vertex 5.260800e+00 -1.022614e+01 0.000000e+00
 endloop
endfacet
facet normal 0.000000e+00 0.000000e+00 1.000000e+00
 outer loop
  vertex -1.022614e+01 -5.260800e+00 1.000000e+00
  vertex 6.085007e+00 -9.758211e+00 1.000000e+00
  vertex 6.867884e+00 -9.224000e+00 1.000000e+00
 endloop
endfacet
facet normal 0.000000e+00 0.000000e+00 -1.000000e+00
 outer loop
  vertex -1.022614e+01 -5.260800e+00 0.000000e+00
  vertex 6.867884e+00 -9.224000e+00 0.000000e+00
  vertex 6.085007e+00 -9.758211e+00 0.000000e+00
 endloop
endfacet
facet normal 0.000000e+00 0.000000e+00 1.000000e+00
 outer loop
  vertex -1.022614e+01 -5.260800e+00 1.000000e+00
  vertex 6.867884e+00 -9.224000e+00 1.000000e+00
  vertex 7.604112e+00 -8.627137e+00 1.000000e+00
 endloop
endfacet
facet normal 0.000000e+00 0.000000e+00 -1.000000e+00
 outer loop
  vertex -1.022614e+01 -5.260800e+00 0.000000e+00
  vertex 7.604112e+00 -8.627137e+00 0.000000e+00
  vertex 6.867884e+00 -9.224000e+00 0.000000e+00
 endloop
endfacet
facet normal 0.000000e+00 0.000000e+00 1.000000e+00
 outer loop
  vertex -1.022614e+01 -5.260800e+00 1.000000e+00
  vertex 7.604112e+00 -8.627137e+00 1.000000e+00
  vertex 7.718295e+00 -8.569966e+00 1.000000e+00
 endloop
endfacet
facet normal 0.000000e+00 0.000000e+00 -1.000000e+00
 outer loop
  vertex -1.022614e+01 -5.260800e+00 0.000000e+00
  vertex 7.718295e+00 -8.569966e+00 0.000000e+00
  vertex 7.604112e+00 -8.627137e+00 0.000000e+00
 endloop
endfacet
facet normal 0.000000e+00 0.000000e+00 1.000000e+00
 outer loop
  vertex -1.022614e+01 -5.260800e+00 1.000000e+00
  vertex 7.718295e+00 -8.569966e+00 1.000000e+00
  vertex 7.845816e+00 -8.576642e+00 1.000000e+00
 endloop
endfacet
facet normal 0.000000e+00 0.000000e+00 -1.000000e+00
 outer loop
  vertex -1.022614e+01 -5.260800e+00 0.000000e+00
  vertex 7.845816e+00 -8.576642e+00 0.000000e+00
  vertex 7.718295e+00 -8.569966e+00 0.000000e+00
 endloop
endfacet
facet normal -0.000000e+00 0.000000e+00 1.000000e+00
 outer loop
  vertex 7.953405e+00 -8.645423e+00 1.000000e+00
  vertex 8.124466e+00 -8.831368e+00 1.000000e+00
  vertex 8.485281e+00 -8.485281e+00 1.000000e+00
 endloop
endfacet
facet normal 0.000000e+00 0.000000e+00 -1.000000e+00
 outer loop
  vertex 7.953405e+00 -8.645423e+00 0.000000e+00
  vertex 8.485281e+00 -8.485281e+00 0.000000e+00
  vertex 8.124466e+00 -8.831368e+00 0.000000e+00
 endloop
endfacet
facet normal -0.000000e+00 0.000000e+00 1.000000e+00
 outer loop
  vertex 7.845816e+00 -8.576642e+00 1.000000e+00
  vertex 7.953405e+00 -8.645423e+00 1.000000e+00
  vertex 8.485281e+00 -8.485281e+00 1.000000e+00
 endloop
endfacet
facet normal 0.000000e+00 0.000000e+00 -1.000000e+00
 outer loop
  vertex 7.845816e+00 -8.576642e+00 0.000000e+00
  vertex 8.485281e+00 -8.485281e+00 0.000000e+00
  vertex 7.953405e+00 -8.645423e+00 0.000000e+00
 endloop
endfacet
facet normal 0.000000e+00 0.000000e+00 1.000000e+00
 outer loop
  vertex -1.022614e+01 -5.260800e+00 1.000000e+00
  vertex 7.845816e+00 -8.576642e+00 1.000000e+00
  vertex 8.485281e+00 -8.485281e+00 1.000000e+00
 endloop
endfacet
facet normal 0.000000e+00 0.000000e+00 -1.000000e+00
 outer loop
  vertex -1.022614e+01 -5.260800e+00 0.000000e+00
  vertex 8.485281e+00 -8.485281e+00 0.000000e+00
  vertex 7.845816e+00 -8.576642e+00 0.000000e+00
 endloop
endfacet
facet normal 0.000000e+00 0.000000e+00 1.000000e+00
 outer loop
  vertex -1.022614e+01 -5.260800e+00 1.000000e+00
  vertex 8.485281e+00 -8.485281e+00 1.000000e+00
  vertex 8.831368e+00 -8.124466e+00 1.000000e+00
 endloop
endfacet
facet normal 0.000000e+00 0.000000e+00 -1.000000e+00
 outer loop
  vertex -1.022614e+01 -5.260800e+00 0.000000e+00
  vertex 8.831368e+00 -8.124466e+00 0.000000e+00
  vertex 8.485281e+00 -8.485281e+00 0.000000e+00
 endloop
endfacet
facet normal 0.000000e+00 0.000000e+00 1.000000e+00
 outer loop
  vertex -1.022614e+01 -5.260800e+00 1.000000e+00
  vertex 8.831368e+00 -8.124466e+00 1.000000e+00
  vertex 8.645423e+00 -7.953405e+00 1.000000e+00
 endloop
endfacet
facet normal 0.000000e+00 0.000000e+00 -1.000000e+00
 outer loop
  vertex -1.022614e+01 -5.260800e+00 0.000000e+00
  vertex 8.645423e+00 -7.953405e+00 0.000000e+00
  vertex 8.831368e+00 -8.124466e+00 0.000000e+00
 endloop
endfacet
facet normal 0.000000e+00 0.000000e+00 1.000000e+00
 outer loop
  vertex -1.022614e+01 -5.260800e+00 1.000000e+00
  vertex 8.645423e+00 -7.953405e+00 1.000000e+00
  vertex 8.576642e+00 -7.845816e+00 1.000000e+00
 endloop
endfacet
facet normal 0.000000e+00 0.000000e+00 -1.000000e+00
 outer loop
  vertex -1.022614e+01 -5.260800e+00 0.000000e+00
  vertex 8.576642e+00 -7.845816e+00 0.000000e+00
  vertex 8.645423e+00 -7.953405e+00 0.000000e+00
 endloop
endfacet
facet normal 0.000000e+00 0.000000e+00 1.000000e+00
 outer loop
  vertex -1.022614e+01 -5.260800e+00 1.000000e+00
  vertex 8.576642e+00 -7.845816e+00 1.000000e+00
  vertex 8.569966e+00 -7.718295e+00 1.000000e+00
 endloop
endfacet
facet normal 0.000000e+00 0.000000e+00 -1.000000e+00
 outer loop
  vertex -1.022614e+01 -5.260800e+00 0.000000e+00
  vertex 8.569966e+00 -7.718295e+00 0.000000e+00
  vertex 8.576642e+00 -7.845816e+00 0.000000e+00
 endloop
endfacet
facet normal 0.000000e+00 0.000000e+00 1.000000e+00
 outer loop
  vertex -1.022614e+01 -5.260800e+00 1.000000e+00
  vertex 8.569966e+00 -7.718295e+00 1.000000e+00
  vertex 8.627137e+00 -7.604112e+00 1.000000e+00
 endloop
endfacet
facet normal 0.000000e+00 0.000000e+00 -1.000000e+00
 outer loop
  vertex -1.022614e+01 -5.260800e+00 0.000000e+00
  vertex 8.627137e+00 -7.604112e+00 0.000000e+00
  vertex 8.569966e+00 -7.718295e+00 0.000000e+00
 endloop
endfacet
facet normal 0.000000e+00 0.000000e+00 1.000000e+00
 outer loop
  vertex -1.022614e+01 -5.260800e+00 1.000000e+00
  vertex 8.627137e+00 -7.604112e+00 1.000000e+00
  vertex 9.224000e+00 -6.867884e+00 1.000000e+00
 endloop
endfacet
facet normal 0.000000e+00 0.000000e+00 -1.000000e+00
 outer loop
  vertex -1.022614e+01 -5.260800e+00 0.000000e+00
  vertex 9.224000e+00 -6.867884e+00 0.000000e+00
  vertex 8.627137e+00 -7.604112e+00 0.000000e+00
 endloop
endfacet
facet normal 0.000000e+00 0.000000e+00 1.000000e+00
 outer loop
  vertex -1.022614e+01 -5.260800e+00 1.000000e+00
  vertex 9.224000e+00 -6.867884e+00 1.000000e+00
  vertex 9.758211e+00 -6.085007e+00 1.000000e+00
 endloop
endfacet
facet normal 0.000000e+00 0.000000e+00 -1.000000e+00
 outer loop
  vertex -1.022614e+01 -5.260800e+00 0.000000e+00
  vertex 9.758211e+00 -6.085007e+00 0.000000e+00
  vertex 9.224000e+00 -6.867884e+00 0.000000e+00
 endloop
endfacet
facet normal 0.000000e+00 0.000000e+00 1.000000e+00
 outer loop
  vertex -1.022614e+01 -5.260800e+00 1.000000e+00
  vertex 9.758211e+00 -6.085007e+00 1.000000e+00
  vertex 1.022614e+01 -5.260800e+00 1.000000e+00
 endloop
endfacet
facet normal 0.000000e+00 0.000000e+00 -1.000000e+00
 outer loop
  vertex -1.022614e+01 -5.260800e+00 0.000000e+00
  vertex 1.022614e+01 -5.260800e+00 0.000000e+00
  vertex 9.758211e+00 -6.085007e+00 0.000000e+00
 endloop
endfacet
facet normal -0.000000e+00 0.000000e+00 1.000000e+00
 outer loop
  vertex -1.022614e+01 -5.260800e+00 1.000000e+00
  vertex 1.022614e+01 -5.260800e+00 1.000000e+00
  vertex 1.062461e+01 -4.400859e+00 1.000000e+00
 endloop
endfacet
facet normal 0.000000e+00 0.000000e+00 -1.000000e+00
 outer loop
  vertex -1.022614e+01 -5.260800e+00 0.000000e+00
  vertex 1.062461e+01 -4.400859e+00 0.000000e+00
  vertex 1.022614e+01 -5.260800e+00 0.000000e+00
 endloop
endfacet
facet normal 0.000000e+00 0.000000e+00 1.000000e+00
 outer loop
  vertex -1.022614e+01 -5.260800e+00 1.000000e+00
  vertex 1.062461e+01 -4.400859e+00 1.000000e+00
  vertex 1.095092e+01 -3.511027e+00 1.000000e+00
 endloop
endfacet
facet normal 0.000000e+00 0.000000e+00 -1.000000e+00
 outer loop
  vertex -1.022614e+01 -5.260800e+00 0.000000e+00
  vertex 1.095092e+01 -3.511027e+00 0.000000e+00
  vertex 1.062461e+01 -4.400859e+00 0.000000e+00
 endloop
endfacet
facet normal 0.000000e+00 0.000000e+00 1.000000e+00
 outer loop
  vertex -1.022614e+01 -5.260800e+00 1.000000e+00
  vertex 1.095092e+01 -3.511027e+00 1.000000e+00
  vertex 1.120285e+01 -2.597348e+00 1.000000e+00
 endloop
endfacet
facet normal 0.000000e+00 0.000000e+00 -1.000000e+00
 outer loop
  vertex -1.022614e+01 -5.260800e+00 0.000000e+00
  vertex 1.120285e+01 -2.597348e+00 0.000000e+00
  vertex 1.095092e+01 -3.511027e+00 0.000000e+00
 endloop
endfacet
facet normal 0.000000e+00 0.000000e+00 1.000000e+00
 outer loop
  vertex -1.022614e+01 -5.260800e+00 1.000000e+00
  vertex 1.120285e+01 -2.597348e+00 1.000000e+00
  vertex 1.137868e+01 -1.666026e+00 1.000000e+00
 endloop
endfacet
facet normal 0.000000e+00 0.000000e+00 -1.000000e+00
 outer loop
  vertex -1.022614e+01 -5.260800e+00 0.000000e+00
  vertex 1.137868e+01 -1.666026e+00 0.000000e+00
  vertex 1.120285e+01 -2.597348e+00 0.000000e+00
 endloop
endfacet
facet normal 0.000000e+00 0.000000e+00 1.000000e+00
 outer loop
  vertex -1.022614e+01 -5.260800e+00 1.000000e+00
  vertex 1.137868e+01 -1.666026e+00 1.000000e+00
  vertex 1.147723e+01 -7.233881e-01 1.000000e+00
 endloop
endfacet
facet normal 0.000000e+00 0.000000e+00 -1.000000e+00
 outer loop
  vertex -1.022614e+01 -5.260800e+00 0.000000e+00
  vertex 1.147723e+01 -7.233881e-01 0.000000e+00
  vertex 1.137868e+01 -1.666026e+00 0.000000e+00
 endloop
endfacet
facet normal 0.000000e+00 0.000000e+00 1.000000e+00
 outer loop
  vertex -1.022614e+01 -5.260800e+00 1.000000e+00
  vertex 1.147723e+01 -7.233881e-01 1.000000e+00
  vertex 1.151754e+01 -6.022228e-01 1.000000e+00
 endloop
endfacet
facet normal 0.000000e+00 0.000000e+00 -1.000000e+00
 outer loop
  vertex -1.022614e+01 -5.260800e+00 0.000000e+00
  vertex 1.151754e+01 -6.022228e-01 0.000000e+00
  vertex 1.147723e+01 -7.233881e-01 0.000000e+00
 endloop
endfacet
facet normal 0.000000e+00 0.000000e+00 1.000000e+00
 outer loop
  vertex -1.022614e+01 -5.260800e+00 1.000000e+00
  vertex 1.151754e+01 -6.022228e-01 1.000000e+00
  vertex 1.161243e+01 -5.167724e-01 1.000000e+00
 endloop
endfacet
facet normal 0.000000e+00 0.000000e+00 -1.000000e+00
 outer loop
  vertex -1.022614e+01 -5.260800e+00 0.000000e+00
  vertex 1.161243e+01 -5.167724e-01 0.000000e+00
  vertex 1.151754e+01 -6.022228e-01 0.000000e+00
 endloop
endfacet
facet normal 0.000000e+00 0.000000e+00 1.000000e+00
 outer loop
  vertex -1.022614e+01 -5.260800e+00 1.000000e+00
  vertex 1.161243e+01 -5.167724e-01 1.000000e+00
  vertex 1.173714e+01 -4.893309e-01 1.000000e+00
 endloop
endfacet
facet normal 0.000000e+00 0.000000e+00 -1.000000e+00
 outer loop
  vertex -1.022614e+01 -5.260800e+00 0.000000e+00
  vertex 1.173714e+01 -4.893309e-01 0.000000e+00
  vertex 1.161243e+01 -5.167724e-01 0.000000e+00
 endloop
endfacet
facet normal 9.997830e-01 -2.083183e-02 0.000000e+00
 outer loop
  vertex 1.198958e+01 -4.998553e-01 0.000000e+00
  vertex 1.200000e+01 0.000000e+00 0.000000e+00
  vertex 1.200000e+01 0.000000e+00 1.000000e+00
 endloop
endfacet
facet normal 9.997830e-01 -2.083183e-02 0.000000e+00
 outer loop
  vertex 1.198958e+01 -4.998553e-01 0.000000e+00
  vertex 1.200000e+01 0.000000e+00 1.000000e+00
  vertex 1.198958e+01 -4.998553e-01 1.000000e+00
 endloop
endfacet
facet normal 9.997830e-01 2.083183e-02 0.000000e+00
 outer loop
  vertex 1.200000e+01 0.000000e+00 0.000000e+00
  vertex 1.198958e+01 4.998553e-01 0.000000e+00
  vertex 1.198958e+01 4.998553e-01 1.000000e+00
 endloop
endfacet
facet normal 9.997830e-01 2.083183e-02 -0.000000e+00
 outer loop
  vertex 1.200000e+01 0.000000e+00 0.000000e+00
  vertex 1.198958e+01 4.998553e-01 1.000000e+00
  vertex 1.200000e+01 0.000000e+00 1.000000e+00
 endloop
endfacet
facet normal -4.165461e-02 9.991321e-01 0.000000e+00
 outer loop
  vertex 1.198958e+01 4.998553e-01 0.000000e+00
  vertex 1.173714e+01 4.893309e-01 0.000000e+00
  vertex 1.173714e+01 4.893309e-01 1.000000e+00
 endloop
endfacet
facet normal -4.165461e-02 9.991321e-01 0.000000e+00
 outer loop
  vertex 1.198958e+01 4.998553e-01 0.000000e+00
  vertex 1.173714e+01 4.893309e-01 1.000000e+00
  vertex 1.198958e+01 4.998553e-01 1.000000e+00
 endloop
endfacet
facet normal 2.148970e-01 9.766367e-01 0.000000e+00
 outer loop
  vertex 1.173714e+01 4.893309e-01 0.000000e+00
  vertex 1.161243e+01 5.167724e-01 0.000000e+00
  vertex 1.161243e+01 5.167724e-01 1.000000e+00
 endloop
endfacet
facet normal 2.148970e-01 9.766367e-01 -0.000000e+00
 outer loop
  vertex 1.173714e+01 4.893309e-01 0.000000e+00
  vertex 1.161243e+01 5.167724e-01 1.000000e+00
  vertex 1.173714e+01 4.893309e-01 1.000000e+00
 endloop
endfacet
facet normal 6.691708e-01 7.431086e-01 0.000000e+00
 outer loop
  vertex 1.161243e+01 5.167724e-01 0.000000e+00
  vertex 1.151754e+01 6.022228e-01 0.000000e+00
  vertex 1.151754e+01 6.022228e-01 1.000000e+00
 endloop
endfacet
facet normal 6.691708e-01 7.431086e-01 -0.000000e+00
 outer loop
  vertex 1.161243e+01 5.167724e-01 0.000000e+00
  vertex 1.151754e+01 6.022228e-01 1.000000e+00
  vertex 1.161243e+01 5.167724e-01 1.000000e+00
 endloop
endfacet
facet normal 9.488579e-01 3.157034e-01 0.000000e+00
 outer loop
  vertex 1.151754e+01 6.022228e-01 0.000000e+00
  vertex 1.147723e+01 7.233881e-01 0.000000e+00
  vertex 1.147723e+01 7.233881e-01 1.000000e+00
 endloop
endfacet
facet normal 9.488579e-01 3.157034e-01 -0.000000e+00
 outer loop
  vertex 1.151754e+01 6.022228e-01 0.000000e+00
  vertex 1.147723e+01 7.233881e-01 1.000000e+00
  vertex 1.151754e+01 6.022228e-01 1.000000e+00
 endloop
endfacet
facet normal 9.945798e-01 1.039759e-01 0.000000e+00
 outer loop
  vertex 1.147723e+01 7.233881e-01 0.000000e+00
  vertex 1.137868e+01 1.666026e+00 0.000000e+00
  vertex 1.137868e+01 1.666026e+00 1.000000e+00
 endloop
endfacet
facet normal 9.945798e-01 1.039759e-01 -0.000000e+00
 outer loop
  vertex 1.147723e+01 7.233881e-01 0.000000e+00
  vertex 1.137868e+01 1.666026e+00 1.000000e+00
  vertex 1.147723e+01 7.233881e-01 1.000000e+00
 endloop
endfacet
facet normal 9.826402e-01 1.855216e-01 0.000000e+00
 outer loop
  vertex 1.137868e+01 1.666026e+00 0.000000e+00
  vertex 1.120285e+01 2.597348e+00 0.000000e+00
  vertex 1.120285e+01 2.597348e+00 1.000000e+00
 endloop
endfacet
facet normal 9.826402e-01 1.855216e-01 -0.000000e+00
 outer loop
  vertex 1.137868e+01 1.666026e+00 0.000000e+00
  vertex 1.120285e+01 2.597348e+00 1.000000e+00
  vertex 1.137868e+01 1.666026e+00 1.000000e+00
 endloop
endfacet
facet normal 9.640262e-01 2.658073e-01 0.000000e+00
 outer loop
  vertex 1.120285e+01 2.597348e+00 0.000000e+00
  vertex 1.095092e+01 3.511027e+00 0.000000e+00
  vertex 1.095092e+01 3.511027e+00 1.000000e+00
 endloop
endfacet
facet normal 9.640262e-01 2.658073e-01 -0.000000e+00
 outer loop
  vertex 1.120285e+01 2.597348e+00 0.000000e+00
  vertex 1.095092e+01 3.511027e+00 1.000000e+00
  vertex 1.120285e+01 2.597348e+00 1.000000e+00
 endloop
endfacet
facet normal 9.388643e-01 3.442875e-01 0.000000e+00
 outer loop
  vertex 1.095092e+01 3.511027e+00 0.000000e+00
  vertex 1.062461e+01 4.400859e+00 0.000000e+00
  vertex 1.062461e+01 4.400859e+00 1.000000e+00
 endloop
endfacet
facet normal 9.388643e-01 3.442875e-01 -0.000000e+00
 outer loop
  vertex 1.095092e+01 3.511027e+00 0.000000e+00
  vertex 1.062461e+01 4.400859e+00 1.000000e+00
  vertex 1.095092e+01 3.511027e+00 1.000000e+00
 endloop
endfacet
facet normal 9.073253e-01 4.204292e-01 0.000000e+00
 outer loop
  vertex 1.062461e+01 4.400859e+00 0.000000e+00
  vertex 1.022614e+01 5.260800e+00 0.000000e+00
  vertex 1.022614e+01 5.260800e+00 1.000000e+00
 endloop
endfacet
facet normal 9.073253e-01 4.204292e-01 -0.000000e+00
 outer loop
  vertex 1.062461e+01 4.400859e+00 0.000000e+00
  vertex 1.022614e+01 5.260800e+00 1.000000e+00
  vertex 1.062461e+01 4.400859e+00 1.000000e+00
 endloop
endfacet
facet normal 8.696236e-01 4.937153e-01 0.000000e+00
 outer loop
  vertex 1.022614e+01 5.260800e+00 0.000000e+00
  vertex 9.758211e+00 6.085007e+00 0.000000e+00
  vertex 9.758211e+00 6.085007e+00 1.000000e+00
 endloop
endfacet
facet normal 8.696236e-01 4.937153e-01 -0.000000e+00
 outer loop
  vertex 1.022614e+01 5.260800e+00 0.000000e+00
  vertex 9.758211e+00 6.085007e+00 1.000000e+00
  vertex 1.022614e+01 5.260800e+00 1.000000e+00
 endloop
endfacet
facet normal 8.260151e-01 5.636479e-01 0.000000e+00
 outer loop
  vertex 9.758211e+00 6.085007e+00 0.000000e+00
  vertex 9.224000e+00 6.867884e+00 0.000000e+00
  vertex 9.224000e+00 6.867884e+00 1.000000e+00
 endloop
endfacet
facet normal 8.260151e-01 5.636479e-01 -0.000000e+00
 outer loop
  vertex 9.758211e+00 6.085007e+00 0.000000e+00
  vertex 9.224000e+00 6.867884e+00 1.000000e+00
  vertex 9.758211e+00 6.085007e+00 1.000000e+00
 endloop
endfacet
facet normal 7.767962e-01 6.297521e-01 0.000000e+00
 outer loop
  vertex 9.224000e+00 6.867884e+00 0.000000e+00
  vertex 8.627137e+00 7.604112e+00 0.000000e+00
  vertex 8.627137e+00 7.604112e+00 1.000000e+00
 endloop
endfacet
facet normal 7.767962e-01 6.297521e-01 -0.000000e+00
 outer loop
  vertex 9.224000e+00 6.867884e+00 0.000000e+00
  vertex 8.627137e+00 7.604112e+00 1.000000e+00
  vertex 9.224000e+00 6.867884e+00 1.000000e+00
 endloop
endfacet
facet normal 8.941799e-01 4.477078e-01 0.000000e+00
 outer loop
  vertex 8.627137e+00 7.604112e+00 0.000000e+00
  vertex 8.569966e+00 7.718295e+00 0.000000e+00
  vertex 8.569966e+00 7.718295e+00 1.000000e+00
 endloop
endfacet
facet normal 8.941799e-01 4.477078e-01 -0.000000e+00
 outer loop
  vertex 8.627137e+00 7.604112e+00 0.000000e+00
  vertex 8.569966e+00 7.718295e+00 1.000000e+00
  vertex 8.627137e+00 7.604112e+00 1.000000e+00
 endloop
endfacet
facet normal 9.986324e-01 -5.228192e-02 0.000000e+00
 outer loop
  vertex 8.569966e+00 7.718295e+00 0.000000e+00
  vertex 8.576642e+00 7.845816e+00 0.000000e+00
  vertex 8.576642e+00 7.845816e+00 1.000000e+00
 endloop
endfacet
facet normal 9.986324e-01 -5.228192e-02 0.000000e+00
 outer loop
  vertex 8.569966e+00 7.718295e+00 0.000000e+00
  vertex 8.576642e+00 7.845816e+00 1.000000e+00
  vertex 8.569966e+00 7.718295e+00 1.000000e+00
 endloop
endfacet
facet normal 8.425416e-01 -5.386313e-01 0.000000e+00
 outer loop
  vertex 8.576642e+00 7.845816e+00 0.000000e+00
  vertex 8.645423e+00 7.953405e+00 0.000000e+00
  vertex 8.645423e+00 7.953405e+00 1.000000e+00
 endloop
endfacet
facet normal 8.425416e-01 -5.386313e-01 0.000000e+00
 outer loop
  vertex 8.576642e+00 7.845816e+00 0.000000e+00
  vertex 8.645423e+00 7.953405e+00 1.000000e+00
  vertex 8.576642e+00 7.845816e+00 1.000000e+00
 endloop
endfacet
facet normal 6.770388e-01 -7.359473e-01 0.000000e+00
 outer loop
  vertex 8.645423e+00 7.953405e+00 0.000000e+00
  vertex 8.831368e+00 8.124466e+00 0.000000e+00
  vertex 8.831368e+00 8.124466e+00 1.000000e+00
 endloop
endfacet
facet normal 6.770388e-01 -7.359473e-01 0.000000e+00
 outer loop
  vertex 8.645423e+00 7.953405e+00 0.000000e+00
  vertex 8.831368e+00 8.124466e+00 1.000000e+00
  vertex 8.645423e+00 7.953405e+00 1.000000e+00
 endloop
endfacet
facet normal 7.216837e-01 6.922230e-01 0.000000e+00
 outer loop
  vertex 8.831368e+00 8.124466e+00 0.000000e+00
  vertex 8.485281e+00 8.485281e+00 0.000000e+00
  vertex 8.485281e+00 8.485281e+00 1.000000e+00
 endloop
endfacet
facet normal 7.216837e-01 6.922230e-01 -0.000000e+00
 outer loop
  vertex 8.831368e+00 8.124466e+00 0.000000e+00
  vertex 8.485281e+00 8.485281e+00 1.000000e+00
  vertex 8.831368e+00 8.124466e+00 1.000000e+00
 endloop
endfacet
facet normal 6.922230e-01 7.216837e-01 0.000000e+00
 outer loop
  vertex 8.485281e+00 8.485281e+00 0.000000e+00
  vertex 8.124466e+00 8.831368e+00 0.000000e+00
  vertex 8.124466e+00 8.831368e+00 1.000000e+00
 endloop
endfacet
facet normal 6.922230e-01 7.216837e-01 -0.000000e+00
 outer loop
  vertex 8.485281e+00 8.485281e+00 0.000000e+00
  vertex 8.124466e+00 8.831368e+00 1.000000e+00
  vertex 8.485281e+00 8.485281e+00 1.000000e+00
 endloop
endfacet
facet normal -7.359473e-01 6.770388e-01 0.000000e+00
 outer loop
  vertex 8.124466e+00 8.831368e+00 0.000000e+00
  vertex 7.953405e+00 8.645423e+00 0.000000e+00
  vertex 7.953405e+00 8.645423e+00 1.000000e+00
 endloop
endfacet
facet normal -7.359473e-01 6.770388e-01 0.000000e+00
 outer loop
  vertex 8.124466e+00 8.831368e+00 0.000000e+00
  vertex 7.953405e+00 8.645423e+00 1.000000e+00
  vertex 8.124466e+00 8.831368e+00 1.000000e+00
 endloop
endfacet
facet normal -5.386313e-01 8.425416e-01 0.000000e+00
 outer loop
  vertex 7.953405e+00 8.645423e+00 0.000000e+00
  vertex 7.845816e+00 8.576642e+00 0.000000e+00
  vertex 7.845816e+00 8.576642e+00 1.000000e+00
 endloop
endfacet
facet normal -5.386313e-01 8.425416e-01 0.000000e+00
 outer loop
  vertex 7.953405e+00 8.645423e+00 0.000000e+00
  vertex 7.845816e+00 8.576642e+00 1.000000e+00
  vertex 7.953405e+00 8.645423e+00 1.000000e+00
 endloop
endfacet
facet normal -5.228192e-02 9.986324e-01 0.000000e+00
 outer loop
  vertex 7.845816e+00 8.576642e+00 0.000000e+00
  vertex 7.718295e+00 8.569966e+00 0.000000e+00
  vertex 7.718295e+00 8.569966e+00 1.000000e+00
 endloop
endfacet
facet normal -5.228192e-02 9.986324e-01 0.000000e+00
 outer loop
  vertex 7.845816e+00 8.576642e+00 0.000000e+00
  vertex 7.718295e+00 8.569966e+00 1.000000e+00
  vertex 7.845816e+00 8.576642e+00 1.000000e+00
 endloop
endfacet
facet normal 4.477078e-01 8.941799e-01 0.000000e+00
 outer loop
  vertex 7.718295e+00 8.569966e+00 0.000000e+00
  vertex 7.604112e+00 8.627137e+00 0.000000e+00
  vertex 7.604112e+00 8.627137e+00 1.000000e+00
 endloop
endfacet
facet normal 4.477078e-01 8.941799e-01 -0.000000e+00
 outer loop
  vertex 7.718295e+00 8.569966e+00 0.000000e+00
  vertex 7.604112e+00 8.627137e+00 1.000000e+00
  vertex 7.718295e+00 8.569966e+00 1.000000e+00
 endloop
endfacet
facet normal 6.297521e-01 7.767962e-01 0.000000e+00
 outer loop
  vertex 7.604112e+00 8.627137e+00 0.000000e+00
  vertex 6.867884e+00 9.224000e+00 0.000000e+00
  vertex 6.867884e+00 9.224000e+00 1.000000e+00
 endloop
endfacet
facet normal 6.297521e-01 7.767962e-01 -0.000000e+00
 outer loop
  vertex 7.604112e+00 8.627137e+00 0.000000e+00
  vertex 6.867884e+00 9.224000e+00 1.000000e+00
  vertex 7.604112e+00 8.627137e+00 1.000000e+00
 endloop
endfacet
facet normal 5.636479e-01 8.260151e-01 0.000000e+00
 outer loop
  vertex 6.867884e+00 9.224000e+00 0.000000e+00
  vertex 6.085007e+00 9.758211e+00 0.000000e+00
  vertex 6.085007e+00 9.758211e+00 1.000000e+00
 endloop
endfacet
facet normal 5.636479e-01 8.260151e-01 -0.000000e+00
 outer loop
  vertex 6.867884e+00 9.224000e+00 0.000000e+00
  vertex 6.085007e+00 9.758211e+00 1.000000e+00
  vertex 6.867884e+00 9.224000e+00 1.000000e+00
 endloop
endfacet
facet normal 4.937153e-01 8.696236e-01 0.000000e+00
 outer loop
  vertex 6.085007e+00 9.758211e+00 0.000000e+00
  vertex 5.260800e+00 1.022614e+01 0.000000e+00
  vertex 5.260800e+00 1.022614e+01 1.000000e+00
 endloop
endfacet
facet normal 4.937153e-01 8.696236e-01 -0.000000e+00
 outer loop
  vertex 6.085007e+00 9.758211e+00 0.000000e+00
  vertex 5.260800e+00 1.022614e+01 1.000000e+00
  vertex 6.085007e+00 9.758211e+00 1.000000e+00
 endloop
endfacet
facet normal 4.204292e-01 9.073253e-01 0.000000e+00
 outer loop
  vertex 5.260800e+00 1.022614e+01 0.000000e+00
  vertex 4.400859e+00 1.062461e+01 0.000000e+00
  vertex 4.400859e+00 1.062461e+01 1.000000e+00
 endloop
endfacet
facet normal 4.204292e-01 9.073253e-01 -0.000000e+00
 outer loop
  vertex 5.260800e+00 1.022614e+01 0.000000e+00
  vertex 4.400859e+00 1.062461e+01 1.000000e+00
  vertex 5.260800e+00 1.022614e+01 1.000000e+00
 endloop
endfacet
facet normal 3.442875e-01 9.388643e-01 0.000000e+00
 outer loop
  vertex 4.400859e+00 1.062461e+01 0.000000e+00
  vertex 3.511027e+00 1.095092e+01 0.000000e+00
  vertex 3.511027e+00 1.095092e+01 1.000000e+00
 endloop
endfacet
facet normal 3.442875e-01 9.388643e-01 -0.000000e+00
 outer loop
  vertex 4.400859e+00 1.062461e+01 0.000000e+00
  vertex 3.511027e+00 1.095092e+01 1.000000e+00
  vertex 4.400859e+00 1.062461e+01 1.000000e+00
 endloop
endfacet
facet normal 2.658073e-01 9.640262e-01 0.000000e+00
 outer loop
  vertex 3.511027e+00 1.095092e+01 0.000000e+00
  vertex 2.597348e+00 1.120285e+01 0.000000e+00
  vertex 2.597348e+00 1.120285e+01 1.000000e+00
 endloop
endfacet
facet normal 2.658073e-01 9.640262e-01 -0.000000e+00
 outer loop
  vertex 3.511027e+00 1.095092e+01 0.000000e+00
  vertex 2.597348e+00 1.120285e+01 1.000000e+00
  vertex 3.511027e+00 1.095092e+01 1.000000e+00
 endloop
endfacet
facet normal 1.855216e-01 9.826402e-01 0.000000e+00
 outer loop
  vertex 2.597348e+00 1.120285e+01 0.000000e+00
  vertex 1.666026e+00 1.137868e+01 0.000000e+00
  vertex 1.666026e+00 1.137868e+01 1.000000e+00
 endloop
endfacet
facet normal 1.855216e-01 9.826402e-01 -0.000000e+00
 outer loop
  vertex 2.597348e+00 1.120285e+01 0.000000e+00
  vertex 1.666026e+00 1.137868e+01 1.000000e+00
  vertex 2.597348e+00 1.120285e+01 1.000000e+00
 endloop
endfacet
facet normal 1.039759e-01 9.945798e-01 0.000000e+00
 outer loop
  vertex 1.666026e+00 1.137868e+01 0.000000e+00
  vertex 7.233881e-01 1.147723e+01 0.000000e+00
  vertex 7.233881e-01 1.147723e+01 1.000000e+00
 endloop
endfacet
facet normal 1.039759e-01 9.945798e-01 -0.000000e+00
 outer loop
  vertex 1.666026e+00 1.137868e+01 0.000000e+00
  vertex 7.233881e-01 1.147723e+01 1.000000e+00
  vertex 1.666026e+00 1.137868e+01 1.000000e+00
 endloop
endfacet
facet normal 3.157034e-01 9.488579e-01 0.000000e+00
 outer loop
  vertex 7.233881e-01 1.147723e+01 0.000000e+00
  vertex 6.022228e-01 1.151754e+01 0.000000e+00
  vertex 6.022228e-01 1.151754e+01 1.000000e+00
 endloop
endfacet
facet normal 3.157034e-01 9.488579e-01 -0.000000e+00
 outer loop
  vertex 7.233881e-01 1.147723e+01 0.000000e+00
  vertex 6.022228e-01 1.151754e+01 1.000000e+00
  vertex 7.233881e-01 1.147723e+01 1.000000e+00
 endloop
endfacet
facet normal 7.431086e-01 6.691708e-01 0.000000e+00
 outer loop
  vertex 6.022228e-01 1.151754e+01 0.000000e+00
  vertex 5.167724e-01 1.161243e+01 0.000000e+00
  vertex 5.167724e-01 1.161243e+01 1.000000e+00
 endloop
endfacet
facet normal 7.431086e-01 6.691708e-01 -0.000000e+00
 outer loop
  vertex 6.022228e-01 1.151754e+01 0.000000e+00
  vertex 5.167724e-01 1.161243e+01 1.000000e+00
  vertex 6.022228e-01 1.151754e+01 1.000000e+00
 endloop
endfacet
facet normal 9.766367e-01 2.148970e-01 0.000000e+00
 outer loop
  vertex 5.167724e-01 1.161243e+01 0.000000e+00
  vertex 4.893309e-01 1.173714e+01 0.000000e+00
  vertex 4.893309e-01 1.173714e+01 1.000000e+00
 endloop
endfacet
facet normal 9.766367e-01 2.148970e-01 -0.000000e+00
 outer loop
  vertex 5.167724e-01 1.161243e+01 0.000000e+00
  vertex 4.893309e-01 1.173714e+01 1.000000e+00
  vertex 5.167724e-01 1.161243e+01 1.000000e+00
 endloop
endfacet
facet normal 9.991321e-01 -4.165461e-02 0.000000e+00
 outer loop
  vertex 4.893309e-01 1.173714e+01 0.000000e+00
  vertex 4.998553e-01 1.198958e+01 0.000000e+00
  vertex 4.998553e-01 1.198958e+01 1.000000e+00
 endloop
endfacet
facet normal 9.991321e-01 -4.165461e-02 0.000000e+00
 outer loop
  vertex 4.893309e-01 1.173714e+01 0.000000e+00
  vertex 4.998553e-01 1.198958e+01 1.000000e+00
  vertex 4.893309e-01 1.173714e+01 1.000000e+00
 endloop
endfacet
facet normal 2.083183e-02 9.997830e-01 0.000000e+00
 outer loop
  vertex 4.998553e-01 1.198958e+01 0.000000e+00
  vertex 7.347881e-16 1.200000e+01 0.000000e+00
  vertex 7.347881e-16 1.200000e+01 1.000000e+00
 endloop
endfacet
facet normal 2.083183e-02 9.997830e-01 -0.000000e+00
 outer loop
  vertex 4.998553e-01 1.198958e+01 0.000000e+00
  vertex 7.347881e-16 1.200000e+01 1.000000e+00
  vertex 4.998553e-01 1.198958e+01 1.000000e+00
 endloop
endfacet
facet normal -2.083183e-02 9.997830e-01 0.000000e+00
 outer loop
  vertex 7.347881e-16 1.200000e+01 0.000000e+00
  vertex -4.998553e-01 1.198958e+01 0.000000e+00
  vertex -4.998553e-01 1.198958e+01 1.000000e+00
 endloop
endfacet
facet normal -2.083183e-02 9.997830e-01 0.000000e+00
 outer loop
  vertex 7.347881e-16 1.200000e+01 0.000000e+00
  vertex -4.998553e-01 1.198958e+01 1.000000e+00
  vertex 7.347881e-16 1.200000e+01 1.000000e+00
 endloop
endfacet
facet normal -9.991321e-01 -4.165461e-02 0.000000e+00
 outer loop
  vertex -4.998553e-01 1.198958e+01 0.000000e+00
  vertex -4.893309e-01 1.173714e+01 0.000000e+00
  vertex -4.893309e-01 1.173714e+01 1.000000e+00
 endloop
endfacet
facet normal -9.991321e-01 -4.165461e-02 0.000000e+00
 outer loop
  vertex -4.998553e-01 1.198958e+01 0.000000e+00
  vertex -4.893309e-01 1.173714e+01 1.000000e+00
  vertex -4.998553e-01 1.198958e+01 1.000000e+00
 endloop
endfacet
facet normal -9.766367e-01 2.148970e-01 0.000000e+00
 outer loop
  vertex -4.893309e-01 1.173714e+01 0.000000e+00
  vertex -5.167724e-01 1.161243e+01 0.000000e+00
  vertex -5.167724e-01 1.161243e+01 1.000000e+00
 endloop
endfacet
facet normal -9.766367e-01 2.148970e-01 0.000000e+00
 outer loop
  vertex -4.893309e-01 1.173714e+01 0.000000e+00
  vertex -5.167724e-01 1.161243e+01 1.000000e+00
  vertex -4.893309e-01 1.173714e+01 1.000000e+00
 endloop
endfacet
facet normal -7.431086e-01 6.691708e-01 0.000000e+00
 outer loop
  vertex -5.167724e-01 1.161243e+01 0.000000e+00
  vertex -6.022228e-01 1.151754e+01 0.000000e+00
  vertex -6.022228e-01 1.151754e+01 1.000000e+00
 endloop
endfacet
facet normal -7.431086e-01 6.691708e-01 0.000000e+00
 outer loop
  vertex -5.167724e-01 1.161243e+01 0.000000e+00
  vertex -6.022228e-01 1.151754e+01 1.000000e+00
  vertex -5.167724e-01 1.161243e+01 1.000000e+00
 endloop
endfacet
facet normal -3.157034e-01 9.488579e-01 0.000000e+00
 outer loop
  vertex -6.022228e-01 1.151754e+01 0.000000e+00
  vertex -7.233881e-01 1.147723e+01 0.000000e+00
  vertex -7.233881e-01 1.147723e+01 1.000000e+00
 endloop
endfacet
facet normal -3.157034e-01 9.488579e-01 0.000000e+00
 outer loop
  vertex -6.022228e-01 1.151754e+01 0.000000e+00
  vertex -7.233881e-01 1.147723e+01 1.000000e+00
  vertex -6.022228e-01 1.151754e+01 1.000000e+00
 endloop
endfacet
facet normal -1.039759e-01 9.945798e-01 0.000000e+00
 outer loop
  vertex -7.233881e-01 1.147723e+01 0.000000e+00
  vertex -1.666026e+00 1.137868e+01 0.000000e+00
  vertex -1.666026e+00 1.137868e+01 1.000000e+00
 endloop
endfacet
facet normal -1.039759e-01 9.945798e-01 0.000000e+00
 outer loop
  vertex -7.233881e-01 1.147723e+01 0.000000e+00
  vertex -1.666026e+00 1.137868e+01 1.000000e+00
  vertex -7.233881e-01 1.147723e+01 1.000000e+00
 endloop
endfacet
facet normal -1.855216e-01 9.826402e-01 0.000000e+00
 outer loop
  vertex -1.666026e+00 1.137868e+01 0.000000e+00
  vertex -2.597348e+00 1.120285e+01 0.000000e+00
  vertex -2.597348e+00 1.120285e+01 1.000000e+00
 endloop
endfacet
facet normal -1.855216e-01 9.826402e-01 0.000000e+00
 outer loop
  vertex -1.666026e+00 1.137868e+01 0.000000e+00
  vertex -2.597348e+00 1.120285e+01 1.000000e+00
  vertex -1.666026e+00 1.137868e+01 1.000000e+00
 endloop
endfacet
facet normal -2.658073e-01 9.640262e-01 0.000000e+00
 outer loop
  vertex -2.597348e+00 1.120285e+01 0.000000e+00
  vertex -3.511027e+00 1.095092e+01 0.000000e+00
  vertex -3.511027e+00 1.095092e+01 1.000000e+00
 endloop
endfacet
facet normal -2.658073e-01 9.640262e-01 0.000000e+00
 outer loop
  vertex -2.597348e+00 1.120285e+01 0.000000e+00
  vertex -3.511027e+00 1.095092e+01 1.000000e+00
  vertex -2.597348e+00 1.120285e+01 1.000000e+00
 endloop
endfacet
facet normal -3.442875e-01 9.388643e-01 0.000000e+00
 outer loop
  vertex -3.511027e+00 1.095092e+01 0.000000e+00
  vertex -4.400859e+00 1.062461e+01 0.000000e+00
  vertex -4.400859e+00 1.062461e+01 1.000000e+00
 endloop
endfacet
facet normal -3.442875e-01 9.388643e-01 0.000000e+00
 outer loop
  vertex -3.511027e+00 1.095092e+01 0.000000e+00
  vertex -4.400859e+00 1.062461e+01 1.000000e+00
  vertex -3.511027e+00 1.095092e+01 1.000000e+00
 endloop
endfacet
facet normal -4.204292e-01 9.073253e-01 0.000000e+00
 outer loop
  vertex -4.400859e+00 1.062461e+01 0.000000e+00
  vertex -5.260800e+00 1.022614e+01 0.000000e+00
  vertex -5.260800e+00 1.022614e+01 1.000000e+00
 endloop
endfacet
facet normal -4.204292e-01 9.073253e-01 0.000000e+00
 outer loop
  vertex -4.400859e+00 1.062461e+01 0.000000e+00
  vertex -5.260800e+00 1.022614e+01 1.000000e+00
  vertex -4.400859e+00 1.062461e+01 1.000000e+00
 endloop
endfacet
facet normal -4.937153e-01 8.696236e-01 0.000000e+00
 outer loop
  vertex -5.260800e+00 1.022614e+01 0.000000e+00
  vertex -6.085007e+00 9.758211e+00 0.000000e+00
  vertex -6.085007e+00 9.758211e+00 1.000000e+00
 endloop
endfacet
facet normal -4.937153e-01 8.696236e-01 0.000000e+00
 outer loop
  vertex -5.260800e+00 1.022614e+01 0.000000e+00
  vertex -6.085007e+00 9.758211e+00 1.000000e+00
  vertex -5.260800e+00 1.022614e+01 1.000000e+00
 endloop
endfacet
facet normal -5.636479e-01 8.260151e-01 0.000000e+00
 outer loop
  vertex -6.085007e+00 9.758211e+00 0.000000e+00
  vertex -6.867884e+00 9.224000e+00 0.000000e+00
  vertex -6.867884e+00 9.224000e+00 1.000000e+00
 endloop
endfacet
facet normal -5.636479e-01 8.260151e-01 0.000000e+00
 outer loop
  vertex -6.085007e+00 9.758211e+00 0.000000e+00
  vertex -6.867884e+00 9.224000e+00 1.000000e+00
  vertex -6.085007e+00 9.758211e+00 1.000000e+00
 endloop
endfacet
facet normal -6.297521e-01 7.767962e-01 0.000000e+00
 outer loop
  vertex -6.867884e+00 9.224000e+00 0.000000e+00
  vertex -7.604112e+00 8.627137e+00 0.000000e+00
  vertex -7.604112e+00 8.627137e+00 1.000000e+00
 endloop
endfacet
facet normal -6.297521e-01 7.767962e-01 0.000000e+00
 outer loop
  vertex -6.867884e+00 9.224000e+00 0.000000e+00
  vertex -7.604112e+00 8.627137e+00 1.000000e+00
  vertex -6.867884e+00 9.224000e+00 1.000000e+00
 endloop
endfacet
facet normal -4.477078e-01 8.941799e-01 0.000000e+00
 outer loop
  vertex -7.604112e+00 8.627137e+00 0.000000e+00
  vertex -7.718295e+00 8.569966e+00 0.000000e+00
  vertex -7.718295e+00 8.569966e+00 1.000000e+00
 endloop
endfacet
facet normal -4.477078e-01 8.941799e-01 0.000000e+00
 outer loop
  vertex -7.604112e+00 8.627137e+00 0.000000e+00
  vertex -7.718295e+00 8.569966e+00 1.000000e+00
  vertex -7.604112e+00 8.627137e+00 1.000000e+00
 endloop
endfacet
facet normal 5.228192e-02 9.986324e-01 0.000000e+00
 outer loop
  vertex -7.718295e+00 8.569966e+00 0.000000e+00
  vertex -7.845816e+00 8.576642e+00 0.000000e+00
  vertex -7.845816e+00 8.576642e+00 1.000000e+00
 endloop
endfacet
facet normal 5.228192e-02 9.986324e-01 -0.000000e+00
 outer loop
  vertex -7.718295e+00 8.569966e+00 0.000000e+00
  vertex -7.845816e+00 8.576642e+00 1.000000e+00
  vertex -7.718295e+00 8.569966e+00 1.000000e+00
 endloop
endfacet
facet normal 5.386313e-01 8.425416e-01 0.000000e+00
 outer loop
  vertex -7.845816e+00 8.576642e+00 0.000000e+00
  vertex -7.953405e+00 8.645423e+00 0.000000e+00
  vertex -7.953405e+00 8.645423e+00 1.000000e+00
 endloop
endfacet
facet normal 5.386313e-01 8.425416e-01 -0.000000e+00
 outer loop
  vertex -7.845816e+00 8.576642e+00 0.000000e+00
  vertex -7.953405e+00 8.645423e+00 1.000000e+00
  vertex -7.845816e+00 8.576642e+00 1.000000e+00
 endloop
endfacet
facet normal 7.359473e-01 6.770388e-01 0.000000e+00
 outer loop
  vertex -7.953405e+00 8.645423e+00 0.000000e+00
  vertex -8.124466e+00 8.831368e+00 0.000000e+00
  vertex -8.124466e+00 8.831368e+00 1.000000e+00
 endloop
endfacet
facet normal 7.359473e-01 6.770388e-01 -0.000000e+00
 outer loop
  vertex -7.953405e+00 8.645423e+00 0.000000e+00
  vertex -8.124466e+00 8.831368e+00 1.000000e+00
  vertex -7.953405e+00 8.645423e+00 1.000000e+00
 endloop
endfacet
facet normal -6.922230e-01 7.216837e-01 0.000000e+00
 outer loop
  vertex -8.124466e+00 8.831368e+00 0.000000e+00
  vertex -8.485281e+00 8.485281e+00 0.000000e+00
  vertex -8.485281e+00 8.485281e+00 1.000000e+00
 endloop
endfacet
facet normal -6.922230e-01 7.216837e-01 0.000000e+00
 outer loop
  vertex -8.124466e+00 8.831368e+00 0.000000e+00
  vertex -8.485281e+00 8.485281e+00 1.000000e+00
  vertex -8.124466e+00 8.831368e+00 1.000000e+00
 endloop
endfacet
facet normal -7.216837e-01 6.922230e-01 0.000000e+00
 outer loop
  vertex -8.485281e+00 8.485281e+00 0.000000e+00
  vertex -8.831368e+00 8.124466e+00 0.000000e+00
  vertex -8.831368e+00 8.124466e+00 1.000000e+00
 endloop
endfacet
facet normal -7.216837e-01 6.922230e-01 0.000000e+00
 outer loop
  vertex -8.485281e+00 8.485281e+00 0.000000e+00
  vertex -8.831368e+00 8.124466e+00 1.000000e+00
  vertex -8.485281e+00 8.485281e+00 1.000000e+00
 endloop
endfacet
facet normal -6.770388e-01 -7.359473e-01 0.000000e+00
 outer loop
  vertex -8.831368e+00 8.124466e+00 0.000000e+00
  vertex -8.645423e+00 7.953405e+00 0.000000e+00
  vertex -8.645423e+00 7.953405e+00 1.000000e+00
 endloop
endfacet
facet normal -6.770388e-01 -7.359473e-01 0.000000e+00
 outer loop
  vertex -8.831368e+00 8.124466e+00 0.000000e+00
  vertex -8.645423e+00 7.953405e+00 1.000000e+00
  vertex -8.831368e+00 8.124466e+00 1.000000e+00
 endloop
endfacet
facet normal -8.425416e-01 -5.386313e-01 0.000000e+00
 outer loop
  vertex -8.645423e+00 7.953405e+00 0.000000e+00
  vertex -8.576642e+00 7.845816e+00 0.000000e+00
  vertex -8.576642e+00 7.845816e+00 1.000000e+00
 endloop
endfacet
facet normal -8.425416e-01 -5.386313e-01 0.000000e+00
 outer loop
  vertex -8.645423e+00 7.953405e+00 0.000000e+00
  vertex -8.576642e+00 7.845816e+00 1.000000e+00
  vertex -8.645423e+00 7.953405e+00 1.000000e+00
 endloop
endfacet
facet normal -9.986324e-01 -5.228192e-02 0.000000e+00
 outer loop
  vertex -8.576642e+00 7.845816e+00 0.000000e+00
  vertex -8.569966e+00 7.718295e+00 0.000000e+00
  vertex -8.569966e+00 7.718295e+00 1.000000e+00
 endloop
endfacet
facet normal -9.986324e-01 -5.228192e-02 0.000000e+00
 outer loop
  vertex -8.576642e+00 7.845816e+00 0.000000e+00
  vertex -8.569966e+00 7.718295e+00 1.000000e+00
  vertex -8.576642e+00 7.845816e+00 1.000000e+00
 endloop
endfacet
facet normal -8.941799e-01 4.477078e-01 0.000000e+00
 outer loop
  vertex -8.569966e+00 7.718295e+00 0.000000e+00
  vertex -8.627137e+00 7.604112e+00 0.000000e+00
  vertex -8.627137e+00 7.604112e+00 1.000000e+00
 endloop
endfacet
facet normal -8.941799e-01 4.477078e-01 0.000000e+00
 outer loop
  vertex -8.569966e+00 7.718295e+00 0.000000e+00
  vertex -8.627137e+00 7.604112e+00 1.000000e+00
  vertex -8.569966e+00 7.718295e+00 1.000000e+00
 endloop
endfacet
facet normal -7.767962e-01 6.297521e-01 0.000000e+00
 outer loop
  vertex -8.627137e+00 7.604112e+00 0.000000e+00
  vertex -9.224000e+00 6.867884e+00 0.000000e+00
  vertex -9.224000e+00 6.867884e+00 1.000000e+00
 endloop
endfacet
facet normal -7.767962e-01 6.297521e-01 0.000000e+00
 outer loop
  vertex -8.627137e+00 7.604112e+00 0.000000e+00
  vertex -9.224000e+00 6.867884e+00 1.000000e+00
  vertex -8.627137e+00 7.604112e+00 1.000000e+00
 endloop
endfacet
facet normal -8.260151e-01 5.636479e-01 0.000000e+00
 outer loop
  vertex -9.224000e+00 6.867884e+00 0.000000e+00
  vertex -9.758211e+00 6.085007e+00 0.000000e+00
  vertex -9.758211e+00 6.085007e+00 1.000000e+00
 endloop
endfacet
facet normal -8.260151e-01 5.636479e-01 0.000000e+00
 outer loop
  vertex -9.224000e+00 6.867884e+00 0.000000e+00
  vertex -9.758211e+00 6.085007e+00 1.000000e+00
  vertex -9.224000e+00 6.867884e+00 1.000000e+00
 endloop
endfacet
facet normal -8.696236e-01 4.937153e-01 0.000000e+00
 outer loop
  vertex -9.758211e+00 6.085007e+00 0.000000e+00
  vertex -1.022614e+01 5.260800e+00 0.000000e+00
  vertex -1.022614e+01 5.260800e+00 1.000000e+00
 endloop
endfacet
facet normal -8.696236e-01 4.937153e-01 0.000000e+00
 outer loop
  vertex -9.758211e+00 6.085007e+00 0.000000e+00
  vertex -1.022614e+01 5.260800e+00 1.000000e+00
  vertex -9.758211e+00 6.085007e+00 1.000000e+00
 endloop
endfacet
facet normal -9.073253e-01 4.204292e-01 0.000000e+00
 outer loop
  vertex -1.022614e+01 5.260800e+00 0.000000e+00
  vertex -1.062461e+01 4.400859e+00 0.000000e+00
  vertex -1.062461e+01 4.400859e+00 1.000000e+00
 endloop
endfacet
facet normal -9.073253e-01 4.204292e-01 0.000000e+00
 outer loop
  vertex -1.022614e+01 5.260800e+00 0.000000e+00
  vertex -1.062461e+01 4.400859e+00 1.000000e+00
  vertex -1.022614e+01 5.260800e+00 1.000000e+00
 endloop
endfacet
facet normal -9.388643e-01 3.442875e-01 0.000000e+00
 outer loop
  vertex -1.062461e+01 4.400859e+00 0.000000e+00
  vertex -1.095092e+01 3.511027e+00 0.000000e+00
  vertex -1.095092e+01 3.511027e+00 1.000000e+00
 endloop
endfacet
facet normal -9.388643e-01 3.442875e-01 0.000000e+00
 outer loop
  vertex -1.062461e+01 4.400859e+00 0.000000e+00
  vertex -1.095092e+01 3.511027e+00 1.000000e+00
  vertex -1.062461e+01 4.400859e+00 1.000000e+00
 endloop
endfacet
facet normal -9.640262e-01 2.658073e-01 0.000000e+00
 outer loop
  vertex -1.095092e+01 3.511027e+00 0.000000e+00
  vertex -1.120285e+01 2.597348e+00 0.000000e+00
  vertex -1.120285e+01 2.597348e+00 1.000000e+00
 endloop
endfacet
facet normal -9.640262e-01 2.658073e-01 0.000000e+00
 outer loop
  vertex -1.095092e+01 3.511027e+00 0.000000e+00
  vertex -1.120285e+01 2.597348e+00 1.000000e+00
  vertex -1.095092e+01 3.511027e+00 1.000000e+00
 endloop
endfacet
facet normal -9.826402e-01 1.855216e-01 0.000000e+00
 outer loop
  vertex -1.120285e+01 2.597348e+00 0.000000e+00
  vertex -1.137868e+01 1.666026e+00 0.000000e+00
  vertex -1.137868e+01 1.666026e+00 1.000000e+00
 endloop
endfacet
facet normal -9.826402e-01 1.855216e-01 0.000000e+00
 outer loop
  vertex -1.120285e+01 2.597348e+00 0.000000e+00
  vertex -1.137868e+01 1.666026e+00 1.000000e+00
  vertex -1.120285e+01 2.597348e+00 1.000000e+00
 endloop
endfacet
facet normal -9.945798e-01 1.039759e-01 0.000000e+00
 outer loop
  vertex -1.137868e+01 1.666026e+00 0.000000e+00
  vertex -1.147723e+01 7.233881e-01 0.000000e+00
  vertex -1.147723e+01 7.233881e-01 1.000000e+00
 endloop
endfacet
facet normal -9.945798e-01 1.039759e-01 0.000000e+00
 outer loop
  vertex -1.137868e+01 1.666026e+00 0.000000e+00
  vertex -1.147723e+01 7.233881e-01 1.000000e+00
  vertex -1.137868e+01 1.666026e+00 1.000000e+00
 endloop
endfacet
facet normal -9.488579e-01 3.157034e-01 0.000000e+00
 outer loop
  vertex -1.147723e+01 7.233881e-01 0.000000e+00
  vertex -1.151754e+01 6.022228e-01 0.000000e+00
  vertex -1.151754e+01 6.022228e-01 1.000000e+00
 endloop
endfacet
facet normal -9.488579e-01 3.157034e-01 0.000000e+00
 outer loop
  vertex -1.147723e+01 7.233881e-01 0.000000e+00
  vertex -1.151754e+01 6.022228e-01 1.000000e+00
  vertex -1.147723e+01 7.233881e-01 1.000000e+00
 endloop
endfacet
facet normal -6.691708e-01 7.431086e-01 0.000000e+00
 outer loop
  vertex -1.151754e+01 6.022228e-01 0.000000e+00
  vertex -1.161243e+01 5.167724e-01 0.000000e+00
  vertex -1.161243e+01 5.167724e-01 1.000000e+00
 endloop
endfacet
facet normal -6.691708e-01 7.431086e-01 0.000000e+00
 outer loop
  vertex -1.151754e+01 6.022228e-01 0.000000e+00
  vertex -1.161243e+01 5.167724e-01 1.000000e+00
  vertex -1.151754e+01 6.022228e-01 1.000000e+00
 endloop
endfacet
facet normal -2.148970e-01 9.766367e-01 0.000000e+00
 outer loop
  vertex -1.161243e+01 5.167724e-01 0.000000e+00
  vertex -1.173714e+01 4.893309e-01 0.000000e+00
  vertex -1.173714e+01 4.893309e-01 1.000000e+00
 endloop
endfacet
facet normal -2.148970e-01 9.766367e-01 0.000000e+00
 outer loop
  vertex -1.161243e+01 5.167724e-01 0.000000e+00
  vertex -1.173714e+01 4.893309e-01 1.000000e+00
  vertex -1.161243e+01 5.167724e-01 1.000000e+00
 endloop
endfacet
facet normal 4.165461e-02 9.991321e-01 0.000000e+00
 outer loop
  vertex -1.173714e+01 4.893309e-01 0.000000e+00
  vertex -1.198958e+01 4.998553e-01 0.000000e+00
  vertex -1.198958e+01 4.998553e-01 1.000000e+00
 endloop
endfacet
facet normal 4.165461e-02 9.991321e-01 -0.000000e+00
 outer loop
  vertex -1.173714e+01 4.893309e-01 0.000000e+00
  vertex -1.198958e+01 4.998553e-01 1.000000e+00
  vertex -1.173714e+01 4.893309e-01 1.000000e+00
 endloop
endfacet
facet normal -9.997830e-01 2.083183e-02 0.000000e+00
 outer loop
  vertex -1.198958e+01 4.998553e-01 0.000000e+00
  vertex -1.200000e+01 1.469576e-15 0.000000e+00
  vertex -1.200000e+01 1.469576e-15 1.000000e+00
 endloop
endfacet
facet normal -9.997830e-01 2.083183e-02 0.000000e+00
 outer loop
  vertex -1.198958e+01 4.998553e-01 0.000000e+00
  vertex -1.200000e+01 1.469576e-15 1.000000e+00
  vertex -1.198958e+01 4.998553e-01 1.000000e+00
 endloop
endfacet
facet normal -9.997830e-01 -2.083183e-02 0.000000e+00
 outer loop
  vertex -1.200000e+01 1.469576e-15 0.000000e+00
  vertex -1.198958e+01 -4.998553e-01 0.000000e+00
  vertex -1.198958e+01 -4.998553e-01 1.000000e+00
 endloop
endfacet
facet normal -9.997830e-01 -2.083183e-02 0.000000e+00
 outer loop
  vertex -1.200000e+01 1.469576e-15 0.000000e+00
  vertex -1.198958e+01 -4.998553e-01 1.000000e+00
  vertex -1.200000e+01 1.469576e-15 1.000000e+00
 endloop
endfacet
facet normal 4.165461e-02 -9.991321e-01 0.000000e+00
 outer loop
  vertex -1.198958e+01 -4.998553e-01 0.000000e+00
  vertex -1.173714e+01 -4.893309e-01 0.000000e+00
  vertex -1.173714e+01 -4.893309e-01 1.000000e+00
 endloop
endfacet
facet normal 4.165461e-02 -9.991321e-01 0.000000e+00
 outer loop
  vertex -1.198958e+01 -4.998553e-01 0.000000e+00
  vertex -1.173714e+01 -4.893309e-01 1.000000e+00
  vertex -1.198958e+01 -4.998553e-01 1.000000e+00
 endloop
endfacet
facet normal -2.148970e-01 -9.766367e-01 0.000000e+00
 outer loop
  vertex -1.173714e+01 -4.893309e-01 0.000000e+00
  vertex -1.161243e+01 -5.167724e-01 0.000000e+00
  vertex -1.161243e+01 -5.167724e-01 1.000000e+00
 endloop
endfacet
facet normal -2.148970e-01 -9.766367e-01 0.000000e+00
 outer loop
  vertex -1.173714e+01 -4.893309e-01 0.000000e+00
  vertex -1.161243e+01 -5.167724e-01 1.000000e+00
  vertex -1.173714e+01 -4.893309e-01 1.000000e+00
 endloop
endfacet
facet normal -6.691708e-01 -7.431086e-01 0.000000e+00
 outer loop
  vertex -1.161243e+01 -5.167724e-01 0.000000e+00
  vertex -1.151754e+01 -6.022228e-01 0.000000e+00
  vertex -1.151754e+01 -6.022228e-01 1.000000e+00
 endloop
endfacet
facet normal -6.691708e-01 -7.431086e-01 0.000000e+00
 outer loop
  vertex -1.161243e+01 -5.167724e-01 0.000000e+00
  vertex -1.151754e+01 -6.022228e-01 1.000000e+00
  vertex -1.161243e+01 -5.167724e-01 1.000000e+00
 endloop
endfacet
facet normal -9.488579e-01 -3.157034e-01 0.000000e+00
 outer loop
  vertex -1.151754e+01 -6.022228e-01 0.000000e+00
  vertex -1.147723e+01 -7.233881e-01 0.000000e+00
  vertex -1.147723e+01 -7.233881e-01 1.000000e+00
 endloop
endfacet
facet normal -9.488579e-01 -3.157034e-01 0.000000e+00
 outer loop
  vertex -1.151754e+01 -6.022228e-01 0.000000e+00
  vertex -1.147723e+01 -7.233881e-01 1.000000e+00
  vertex -1.151754e+01 -6.022228e-01 1.000000e+00
 endloop
endfacet
facet normal -9.945798e-01 -1.039759e-01 0.000000e+00
 outer loop
  vertex -1.147723e+01 -7.233881e-01 0.000000e+00
  vertex -1.137868e+01 -1.666026e+00 0.000000e+00
  vertex -1.137868e+01 -1.666026e+00 1.000000e+00
 endloop
endfacet
facet normal -9.945798e-01 -1.039759e-01 0.000000e+00
 outer loop
  vertex -1.147723e+01 -7.233881e-01 0.000000e+00
  vertex -1.137868e+01 -1.666026e+00 1.000000e+00
  vertex -1.147723e+01 -7.233881e-01 1.000000e+00
 endloop
endfacet
facet normal -9.826402e-01 -1.855216e-01 0.000000e+00
 outer loop
  vertex -1.137868e+01 -1.666026e+00 0.000000e+00
  vertex -1.120285e+01 -2.597348e+00 0.000000e+00
  vertex -1.120285e+01 -2.597348e+00 1.000000e+00
 endloop
endfacet
facet normal -9.826402e-01 -1.855216e-01 0.000000e+00
 outer loop
  vertex -1.137868e+01 -1.666026e+00 0.000000e+00
  vertex -1.120285e+01 -2.597348e+00 1.000000e+00
  vertex -1.137868e+01 -1.666026e+00 1.000000e+00
 endloop
endfacet
facet normal -9.640262e-01 -2.658073e-01 0.000000e+00
 outer loop
  vertex -1.120285e+01 -2.597348e+00 0.000000e+00
  vertex -1.095092e+01 -3.511027e+00 0.000000e+00
  vertex -1.095092e+01 -3.511027e+00 1.000000e+00
 endloop
endfacet
facet normal -9.640262e-01 -2.658073e-01 0.000000e+00
 outer loop
  vertex -1.120285e+01 -2.597348e+00 0.000000e+00
  vertex -1.095092e+01 -3.511027e+00 1.000000e+00
  vertex -1.120285e+01 -2.597348e+00 1.000000e+00
 endloop
endfacet
facet normal -9.388643e-01 -3.442875e-01 0.000000e+00
 outer loop
  vertex -1.095092e+01 -3.511027e+00 0.000000e+00
  vertex -1.062461e+01 -4.400859e+00 0.000000e+00
  vertex -1.062461e+01 -4.400859e+00 1.000000e+00
 endloop
endfacet
facet normal -9.388643e-01 -3.442875e-01 0.000000e+00
 outer loop
  vertex -1.095092e+01 -3.511027e+00 0.000000e+00
  vertex -1.062461e+01 -4.400859e+00 1.000000e+00
  vertex -1.095092e+01 -3.511027e+00 1.000000e+00
 endloop
endfacet
facet normal -9.073253e-01 -4.204292e-01 0.000000e+00
 outer loop
  vertex -1.062461e+01 -4.400859e+00 0.000000e+00
  vertex -1.022614e+01 -5.260800e+00 0.000000e+00
  vertex -1.022614e+01 -5.260800e+00 1.000000e+00
 endloop
endfacet
facet normal -9.073253e-01 -4.204292e-01 0.000000e+00
 outer loop
  vertex -1.062461e+01 -4.400859e+00 0.000000e+00
  vertex -1.022614e+01 -5.260800e+00 1.000000e+00
  vertex -1.062461e+01 -4.400859e+00 1.000000e+00
 endloop
endfacet
facet normal -8.696236e-01 -4.937153e-01 0.000000e+00
 outer loop
  vertex -1.022614e+01 -5.260800e+00 0.000000e+00
  vertex -9.758211e+00 -6.085007e+00 0.000000e+00
  vertex -9.758211e+00 -6.085007e+00 1.000000e+00
 endloop
endfacet
facet normal -8.696236e-01 -4.937153e-01 0.000000e+00
 outer loop
  vertex -1.022614e+01 -5.260800e+00 0.000000e+00
  vertex -9.758211e+00 -6.085007e+00 1.000000e+00
  vertex -1.022614e+01 -5.260800e+00 1.000000e+00
 endloop
endfacet
facet normal -8.260151e-01 -5.636479e-01 0.000000e+00
 outer loop
  vertex -9.758211e+00 -6.085007e+00 0.000000e+00
  vertex -9.224000e+00 -6.867884e+00 0.000000e+00
  vertex -9.224000e+00 -6.867884e+00 1.000000e+00
 endloop
endfacet
facet normal -8.260151e-01 -5.636479e-01 0.000000e+00
 outer loop
  vertex -9.758211e+00 -6.085007e+00 0.000000e+00
  vertex -9.224000e+00 -6.867884e+00 1.000000e+00
  vertex -9.758211e+00 -6.085007e+00 1.000000e+00
 endloop
endfacet
facet normal -7.767962e-01 -6.297521e-01 0.000000e+00
 outer loop
  vertex -9.224000e+00 -6.867884e+00 0.000000e+00
  vertex -8.627137e+00 -7.604112e+00 0.000000e+00
  vertex -8.627137e+00 -7.604112e+00 1.000000e+00
 endloop
endfacet
facet normal -7.767962e-01 -6.297521e-01 0.000000e+00
 outer loop
  vertex -9.224000e+00 -6.867884e+00 0.000000e+00
  vertex -8.627137e+00 -7.604112e+00 1.000000e+00
  vertex -9.224000e+00 -6.867884e+00 1.000000e+00
 endloop
endfacet
facet normal -8.941799e-01 -4.477078e-01 0.000000e+00
 outer loop
  vertex -8.627137e+00 -7.604112e+00 0.000000e+00
  vertex -8.569966e+00 -7.718295e+00 0.000000e+00
  vertex -8.569966e+00 -7.718295e+00 1.000000e+00
 endloop
endfacet
facet normal -8.941799e-01 -4.477078e-01 0.000000e+00
 outer loop
  vertex -8.627137e+00 -7.604112e+00 0.000000e+00
  vertex -8.569966e+00 -7.718295e+00 1.000000e+00
  vertex -8.627137e+00 -7.604112e+00 1.000000e+00
 endloop
endfacet
facet normal -9.986324e-01 5.228192e-02 0.000000e+00
 outer loop
  vertex -8.569966e+00 -7.718295e+00 0.000000e+00
  vertex -8.576642e+00 -7.845816e+00 0.000000e+00
  vertex -8.576642e+00 -7.845816e+00 1.000000e+00
 endloop
endfacet
facet normal -9.986324e-01 5.228192e-02 0.000000e+00
 outer loop
  vertex -8.569966e+00 -7.718295e+00 0.000000e+00
  vertex -8.576642e+00 -7.845816e+00 1.000000e+00
  vertex -8.569966e+00 -7.718295e+00 1.000000e+00
 endloop
endfacet
facet normal -8.425416e-01 5.386313e-01 0.000000e+00
 outer loop
  vertex -8.576642e+00 -7.845816e+00 0.000000e+00
  vertex -8.645423e+00 -7.953405e+00 0.000000e+00
  vertex -8.645423e+00 -7.953405e+00 1.000000e+00
 endloop
endfacet
facet normal -8.425416e-01 5.386313e-01 0.000000e+00
 outer loop
  vertex -8.576642e+00 -7.845816e+00 0.000000e+00
  vertex -8.645423e+00 -7.953405e+00 1.000000e+00
  vertex -8.576642e+00 -7.845816e+00 1.000000e+00
 endloop
endfacet
facet normal -6.770388e-01 7.359473e-01 0.000000e+00
 outer loop
  vertex -8.645423e+00 -7.953405e+00 0.000000e+00
  vertex -8.831368e+00 -8.124466e+00 0.000000e+00
  vertex -8.831368e+00 -8.124466e+00 1.000000e+00
 endloop
endfacet
facet normal -6.770388e-01 7.359473e-01 0.000000e+00
 outer loop
  vertex -8.645423e+00 -7.953405e+00 0.000000e+00
  vertex -8.831368e+00 -8.124466e+00 1.000000e+00
  vertex -8.645423e+00 -7.953405e+00 1.000000e+00
 endloop
endfacet
facet normal -7.216837e-01 -6.922230e-01 0.000000e+00
 outer loop
  vertex -8.831368e+00 -8.124466e+00 0.000000e+00
  vertex -8.485281e+00 -8.485281e+00 0.000000e+00
  vertex -8.485281e+00 -8.485281e+00 1.000000e+00
 endloop
endfacet
facet normal -7.216837e-01 -6.922230e-01 0.000000e+00
 outer loop
  vertex -8.831368e+00 -8.124466e+00 0.000000e+00
  vertex -8.485281e+00 -8.485281e+00 1.000000e+00
  vertex -8.831368e+00 -8.124466e+00 1.000000e+00
 endloop
endfacet
facet normal -6.922230e-01 -7.216837e-01 0.000000e+00
 outer loop
  vertex -8.485281e+00 -8.485281e+00 0.000000e+00
  vertex -8.124466e+00 -8.831368e+00 0.000000e+00
  vertex -8.124466e+00 -8.831368e+00 1.000000e+00
 endloop
endfacet
facet normal -6.922230e-01 -7.216837e-01 0.000000e+00
 outer loop
  vertex -8.485281e+00 -8.485281e+00 0.000000e+00
  vertex -8.124466e+00 -8.831368e+00 1.000000e+00
  vertex -8.485281e+00 -8.485281e+00 1.000000e+00
 endloop
endfacet
facet normal 7.359473e-01 -6.770388e-01 0.000000e+00
 outer loop
  vertex -8.124466e+00 -8.831368e+00 0.000000e+00
  vertex -7.953405e+00 -8.645423e+00 0.000000e+00
  vertex -7.953405e+00 -8.645423e+00 1.000000e+00
 endloop
endfacet
facet normal 7.359473e-01 -6.770388e-01 0.000000e+00
 outer loop
  vertex -8.124466e+00 -8.831368e+00 0.000000e+00
  vertex -7.953405e+00 -8.645423e+00 1.000000e+00
  vertex -8.124466e+00 -8.831368e+00 1.000000e+00
 endloop
endfacet
facet normal 5.386313e-01 -8.425416e-01 0.000000e+00
 outer loop
  vertex -7.953405e+00 -8.645423e+00 0.000000e+00
  vertex -7.845816e+00 -8.576642e+00 0.000000e+00
  vertex -7.845816e+00 -8.576642e+00 1.000000e+00
 endloop
endfacet
facet normal 5.386313e-01 -8.425416e-01 0.000000e+00
 outer loop
  vertex -7.953405e+00 -8.645423e+00 0.000000e+00
  vertex -7.845816e+00 -8.576642e+00 1.000000e+00
  vertex -7.953405e+00 -8.645423e+00 1.000000e+00
 endloop
endfacet
facet normal 5.228192e-02 -9.986324e-01 0.000000e+00
 outer loop
  vertex -7.845816e+00 -8.576642e+00 0.000000e+00
  vertex -7.718295e+00 -8.569966e+00 0.000000e+00
  vertex -7.718295e+00 -8.569966e+00 1.000000e+00
 endloop
endfacet
facet normal 5.228192e-02 -9.986324e-01 0.000000e+00
 outer loop
  vertex -7.845816e+00 -8.576642e+00 0.000000e+00
  vertex -7.718295e+00 -8.569966e+00 1.000000e+00
  vertex -7.845816e+00 -8.576642e+00 1.000000e+00
 endloop
endfacet
facet normal -4.477078e-01 -8.941799e-01 0.000000e+00
 outer loop
  vertex -7.718295e+00 -8.569966e+00 0.000000e+00
  vertex -7.604112e+00 -8.627137e+00 0.000000e+00
  vertex -7.604112e+00 -8.627137e+00 1.000000e+00
 endloop
endfacet
facet normal -4.477078e-01 -8.941799e-01 0.000000e+00
 outer loop
  vertex -7.718295e+00 -8.569966e+00 0.000000e+00
  vertex -7.604112e+00 -8.627137e+00 1.000000e+00
  vertex -7.718295e+00 -8.569966e+00 1.000000e+00
 endloop
endfacet
facet normal -6.297521e-01 -7.767962e-01 0.000000e+00
 outer loop
  vertex -7.604112e+00 -8.627137e+00 0.000000e+00
  vertex -6.867884e+00 -9.224000e+00 0.000000e+00
  vertex -6.867884e+00 -9.224000e+00 1.000000e+00
 endloop
endfacet
facet normal -6.297521e-01 -7.767962e-01 0.000000e+00
 outer loop
  vertex -7.604112e+00 -8.627137e+00 0.000000e+00
  vertex -6.867884e+00 -9.224000e+00 1.000000e+00
  vertex -7.604112e+00 -8.627137e+00 1.000000e+00
 endloop
endfacet
facet normal -5.636479e-01 -8.260151e-01 0.000000e+00
 outer loop
  vertex -6.867884e+00 -9.224000e+00 0.000000e+00
  vertex -6.085007e+00 -9.758211e+00 0.000000e+00
  vertex -6.085007e+00 -9.758211e+00 1.000000e+00
 endloop
endfacet
facet normal -5.636479e-01 -8.260151e-01 0.000000e+00
 outer loop
  vertex -6.867884e+00 -9.224000e+00 0.000000e+00
  vertex -6.085007e+00 -9.758211e+00 1.000000e+00
  vertex -6.867884e+00 -9.224000e+00 1.000000e+00
 endloop
endfacet
facet normal -4.937153e-01 -8.696236e-01 0.000000e+00
 outer loop
  vertex -6.085007e+00 -9.758211e+00 0.000000e+00
  vertex -5.260800e+00 -1.022614e+01 0.000000e+00
  vertex -5.260800e+00 -1.022614e+01 1.000000e+00
 endloop
endfacet
facet normal -4.937153e-01 -8.696236e-01 0.000000e+00
 outer loop
  vertex -6.085007e+00 -9.758211e+00 0.000000e+00
  vertex -5.260800e+00 -1.022614e+01 1.000000e+00
  vertex -6.085007e+00 -9.758211e+00 1.000000e+00
 endloop
endfacet
facet normal -4.204292e-01 -9.073253e-01 0.000000e+00
 outer loop
  vertex -5.260800e+00 -1.022614e+01 0.000000e+00
  vertex -4.400859e+00 -1.062461e+01 0.000000e+00
  vertex -4.400859e+00 -1.062461e+01 1.000000e+00
 endloop
endfacet
facet normal -4.204292e-01 -9.073253e-01 0.000000e+00
 outer loop
  vertex -5.260800e+00 -1.022614e+01 0.000000e+00
  vertex -4.400859e+00 -1.062461e+01 1.000000e+00
  vertex -5.260800e+00 -1.022614e+01 1.000000e+00
 endloop
endfacet
facet normal -3.442875e-01 -9.388643e-01 0.000000e+00
 outer loop
  vertex -4.400859e+00 -1.062461e+01 0.000000e+00
  vertex -3.511027e+00 -1.095092e+01 0.000000e+00
  vertex -3.511027e+00 -1.095092e+01 1.000000e+00
 endloop
endfacet
facet normal -3.442875e-01 -9.388643e-01 0.000000e+00
 outer loop
  vertex -4.400859e+00 -1.062461e+01 0.000000e+00
  vertex -3.511027e+00 -1.095092e+01 1.000000e+00
  vertex -4.400859e+00 -1.062461e+01 1.000000e+00
 endloop
endfacet
facet normal -2.658073e-01 -9.640262e-01 0.000000e+00
 outer loop
  vertex -3.511027e+00 -1.095092e+01 0.000000e+00
  vertex -2.597348e+00 -1.120285e+01 0.000000e+00
  vertex -2.597348e+00 -1.120285e+01 1.000000e+00
 endloop
endfacet
facet normal -2.658073e-01 -9.640262e-01 0.000000e+00
 outer loop
  vertex -3.511027e+00 -1.095092e+01 0.000000e+00
  vertex -2.597348e+00 -1.120285e+01 1.000000e+00
  vertex -3.511027e+00 -1.095092e+01 1.000000e+00
 endloop
endfacet
facet normal -1.855216e-01 -9.826402e-01 0.000000e+00
 outer loop
  vertex -2.597348e+00 -1.120285e+01 0.000000e+00
  vertex -1.666026e+00 -1.137868e+01 0.000000e+00
  vertex -1.666026e+00 -1.137868e+01 1.000000e+00
 endloop
endfacet
facet normal -1.855216e-01 -9.826402e-01 0.000000e+00
 outer loop
  vertex -2.597348e+00 -1.120285e+01 0.000000e+00
  vertex -1.666026e+00 -1.137868e+01 1.000000e+00
  vertex -2.597348e+00 -1.120285e+01 1.000000e+00
 endloop
endfacet
facet normal -1.039759e-01 -9.945798e-01 0.000000e+00
 outer loop
  vertex -1.666026e+00 -1.137868e+01 0.000000e+00
  vertex -7.233881e-01 -1.147723e+01 0.000000e+00
  vertex -7.233881e-01 -1.147723e+01 1.000000e+00
 endloop
endfacet
facet normal -1.039759e-01 -9.945798e-01 0.000000e+00
 outer loop
  vertex -1.666026e+00 -1.137868e+01 0.000000e+00
  vertex -7.233881e-01 -1.147723e+01 1.000000e+00
  vertex -1.666026e+00 -1.137868e+01 1.000000e+00
 endloop
endfacet
facet normal -3.157034e-01 -9.488579e-01 0.000000e+00
 outer loop
  vertex -7.233881e-01 -1.147723e+01 0.000000e+00
  vertex -6.022228e-01 -1.151754e+01 0.000000e+00
  vertex -6.022228e-01 -1.151754e+01 1.000000e+00
 endloop
endfacet
facet normal -3.157034e-01 -9.488579e-01 0.000000e+00
 outer loop
  vertex -7.233881e-01 -1.147723e+01 0.000000e+00
  vertex -6.022228e-01 -1.151754e+01 1.000000e+00
  vertex -7.233881e-01 -1.147723e+01 1.000000e+00
 endloop
endfacet
facet normal -7.431086e-01 -6.691708e-01 0.000000e+00
 outer loop
  vertex -6.022228e-01 -1.151754e+01 0.000000e+00
  vertex -5.167724e-01 -1.161243e+01 0.000000e+00
  vertex -5.167724e-01 -1.161243e+01 1.000000e+00
 endloop
endfacet
facet normal -7.431086e-01 -6.691708e-01 0.000000e+00
 outer loop
  vertex -6.022228e-01 -1.151754e+01 0.000000e+00
  vertex -5.167724e-01 -1.161243e+01 1.000000e+00
  vertex -6.022228e-01 -1.151754e+01 1.000000e+00
 endloop
endfacet
facet normal -9.766367e-01 -2.148970e-01 0.000000e+00
 outer loop
  vertex -5.167724e-01 -1.161243e+01 0.000000e+00
  vertex -4.893309e-01 -1.173714e+01 0.000000e+00
  vertex -4.893309e-01 -1.173714e+01 1.000000e+00
 endloop
endfacet
facet normal -9.766367e-01 -2.148970e-01 0.000000e+00
 outer loop
  vertex -5.167724e-01 -1.161243e+01 0.000000e+00
  vertex -4.893309e-01 -1.173714e+01 1.000000e+00
  vertex -5.167724e-01 -1.161243e+01 1.000000e+00
 endloop
endfacet
facet normal -9.991321e-01 4.165461e-02 0.000000e+00
 outer loop
  vertex -4.893309e-01 -1.173714e+01 0.000000e+00
  vertex -4.998553e-01 -1.198958e+01 0.000000e+00
  vertex -4.998553e-01 -1.198958e+01 1.000000e+00
 endloop
endfacet
facet normal -9.991321e-01 4.165461e-02 0.000000e+00
 outer loop
  vertex -4.893309e-01 -1.173714e+01 0.000000e+00
  vertex -4.998553e-01 -1.198958e+01 1.000000e+00
  vertex -4.893309e-01 -1.173714e+01 1.000000e+00
 endloop
endfacet
facet normal -2.083183e-02 -9.997830e-01 0.000000e+00
 outer loop
  vertex -4.998553e-01 -1.198958e+01 0.000000e+00
  vertex -1.929747e-15 -1.200000e+01 0.000000e+00
  vertex -1.929747e-15 -1.200000e+01 1.000000e+00
 endloop
endfacet
facet normal -2.083183e-02 -9.997830e-01 0.000000e+00
 outer loop
  vertex -4.998553e-01 -1.198958e+01 0.000000e+00
  vertex -1.929747e-15 -1.200000e+01 1.000000e+00
  vertex -4.998553e-01 -1.198958e+01 1.000000e+00
 endloop
endfacet
facet normal 2.083183e-02 -9.997830e-01 0.000000e+00
 outer loop
  vertex -1.929747e-15 -1.200000e+01 0.000000e+00
  vertex 4.998553e-01 -1.198958e+01 0.000000e+00
  vertex 4.998553e-01 -1.198958e+01 1.000000e+00
 endloop
endfacet
facet normal 2.083183e-02 -9.997830e-01 0.000000e+00
 outer loop
  vertex -1.929747e-15 -1.200000e+01 0.000000e+00
  vertex 4.998553e-01 -1.198958e+01 1.000000e+00
  vertex -1.929747e-15 -1.200000e+01 1.000000e+00
 endloop
endfacet
facet normal 9.991321e-01 4.165461e-02 0.000000e+00
 outer loop
  vertex 4.998553e-01 -1.198958e+01 0.000000e+00
  vertex 4.893309e-01 -1.173714e+01 0.000000e+00
  vertex 4.893309e-01 -1.173714e+01 1.000000e+00
 endloop
endfacet
facet normal 9.991321e-01 4.165461e-02 -0.000000e+00
 outer loop
  vertex 4.998553e-01 -1.198958e+01 0.000000e+00
  vertex 4.893309e-01 -1.173714e+01 1.000000e+00
  vertex 4.998553e-01 -1.198958e+01 1.000000e+00
 endloop
endfacet
facet normal 9.766367e-01 -2.148970e-01 0.000000e+00
 outer loop
  vertex 4.893309e-01 -1.173714e+01 0.000000e+00
  vertex 5.167724e-01 -1.161243e+01 0.000000e+00
  vertex 5.167724e-01 -1.161243e+01 1.000000e+00
 endloop
endfacet
facet normal 9.766367e-01 -2.148970e-01 0.000000e+00
 outer loop
  vertex 4.893309e-01 -1.173714e+01 0.000000e+00
  vertex 5.167724e-01 -1.161243e+01 1.000000e+00
  vertex 4.893309e-01 -1.173714e+01 1.000000e+00
 endloop
endfacet
facet normal 7.431086e-01 -6.691708e-01 0.000000e+00
 outer loop
  vertex 5.167724e-01 -1.161243e+01 0.000000e+00
  vertex 6.022228e-01 -1.151754e+01 0.000000e+00
  vertex 6.022228e-01 -1.151754e+01 1.000000e+00
 endloop
endfacet
facet normal 7.431086e-01 -6.691708e-01 0.000000e+00
 outer loop
  vertex 5.167724e-01 -1.161243e+01 0.000000e+00
  vertex 6.022228e-01 -1.151754e+01 1.000000e+00
  vertex 5.167724e-01 -1.161243e+01 1.000000e+00
 endloop
endfacet
facet normal 3.157034e-01 -9.488579e-01 0.000000e+00
 outer loop
  vertex 6.022228e-01 -1.151754e+01 0.000000e+00
  vertex 7.233881e-01 -1.147723e+01 0.000000e+00
  vertex 7.233881e-01 -1.147723e+01 1.000000e+00
 endloop
endfacet
facet normal 3.157034e-01 -9.488579e-01 0.000000e+00
 outer loop
  vertex 6.022228e-01 -1.151754e+01 0.000000e+00
  vertex 7.233881e-01 -1.147723e+01 1.000000e+00
  vertex 6.022228e-01 -1.151754e+01 1.000000e+00
 endloop
endfacet
facet normal 1.039759e-01 -9.945798e-01 0.000000e+00
 outer loop
  vertex 7.233881e-01 -1.147723e+01 0.000000e+00
  vertex 1.666026e+00 -1.137868e+01 0.000000e+00
  vertex 1.666026e+00 -1.137868e+01 1.000000e+00
 endloop
endfacet
facet normal 1.039759e-01 -9.945798e-01 0.000000e+00
 outer loop
  vertex 7.233881e-01 -1.147723e+01 0.000000e+00
  vertex 1.666026e+00 -1.137868e+01 1.000000e+00
  vertex 7.233881e-01 -1.147723e+01 1.000000e+00
 endloop
endfacet
facet normal 1.855216e-01 -9.826402e-01 0.000000e+00
 outer loop
  vertex 1.666026e+00 -1.137868e+01 0.000000e+00
  vertex 2.597348e+00 -1.120285e+01 0.000000e+00
  vertex 2.597348e+00 -1.120285e+01 1.000000e+00
 endloop
endfacet
facet normal 1.855216e-01 -9.826402e-01 0.000000e+00
 outer loop
  vertex 1.666026e+00 -1.137868e+01 0.000000e+00
  vertex 2.597348e+00 -1.120285e+01 1.000000e+00
  vertex 1.666026e+00 -1.137868e+01 1.000000e+00
 endloop
endfacet
facet normal 2.658073e-01 -9.640262e-01 0.000000e+00
 outer loop
  vertex 2.597348e+00 -1.120285e+01 0.000000e+00
  vertex 3.511027e+00 -1.095092e+01 0.000000e+00
  vertex 3.511027e+00 -1.095092e+01 1.000000e+00
 endloop
endfacet
facet normal 2.658073e-01 -9.640262e-01 0.000000e+00
 outer loop
  vertex 2.597348e+00 -1.120285e+01 0.000000e+00
  vertex 3.511027e+00 -1.095092e+01 1.000000e+00
  vertex 2.597348e+00 -1.120285e+01 1.000000e+00
 endloop
endfacet
facet normal 3.442875e-01 -9.388643e-01 0.000000e+00
 outer loop
  vertex 3.511027e+00 -1.095092e+01 0.000000e+00
  vertex 4.400859e+00 -1.062461e+01 0.000000e+00
  vertex 4.400859e+00 -1.062461e+01 1.000000e+00
 endloop
endfacet
facet normal 3.442875e-01 -9.388643e-01 0.000000e+00
 outer loop
  vertex 3.511027e+00 -1.095092e+01 0.000000e+00
  vertex 4.400859e+00 -1.062461e+01 1.000000e+00
  vertex 3.511027e+00 -1.095092e+01 1.000000e+00
 endloop
endfacet
facet normal 4.204292e-01 -9.073253e-01 0.000000e+00
 outer loop
  vertex 4.400859e+00 -1.062461e+01 0.000000e+00
  vertex 5.260800e+00 -1.022614e+01 0.000000e+00
  vertex 5.260800e+00 -1.022614e+01 1.000000e+00
 endloop
endfacet
facet normal 4.204292e-01 -9.073253e-01 0.000000e+00
 outer loop
  vertex 4.400859e+00 -1.062461e+01 0.000000e+00
  vertex 5.260800e+00 -1.022614e+01 1.000000e+00
  vertex 4.400859e+00 -1.062461e+01 1.000000e+00
 endloop
endfacet
facet normal 4.937153e-01 -8.696236e-01 0.000000e+00
 outer loop
  vertex 5.260800e+00 -1.022614e+01 0.000000e+00
  vertex 6.085007e+00 -9.758211e+00 0.000000e+00
  vertex 6.085007e+00 -9.758211e+00 1.000000e+00
 endloop
endfacet
facet normal 4.937153e-01 -8.696236e-01 0.000000e+00
 outer loop
  vertex 5.260800e+00 -1.022614e+01 0.000000e+00
  vertex 6.085007e+00 -9.758211e+00 1.000000e+00
  vertex 5.260800e+00 -1.022614e+01 1.000000e+00
 endloop
endfacet
facet normal 5.636479e-01 -8.260151e-01 0.000000e+00
 outer loop
  vertex 6.085007e+00 -9.758211e+00 0.000000e+00
  vertex 6.867884e+00 -9.224000e+00 0.000000e+00
  vertex 6.867884e+00 -9.224000e+00 1.000000e+00
 endloop
endfacet
facet normal 5.636479e-01 -8.260151e-01 0.000000e+00
 outer loop
  vertex 6.085007e+00 -9.758211e+00 0.000000e+00
  vertex 6.867884e+00 -9.224000e+00 1.000000e+00
  vertex 6.085007e+00 -9.758211e+00 1.000000e+00
 endloop
endfacet
facet normal 6.297521e-01 -7.767962e-01 0.000000e+00
 outer loop
  vertex 6.867884e+00 -9.224000e+00 0.000000e+00
  vertex 7.604112e+00 -8.627137e+00 0.000000e+00
  vertex 7.604112e+00 -8.627137e+00 1.000000e+00
 endloop
endfacet
facet normal 6.297521e-01 -7.767962e-01 0.000000e+00
 outer loop
  vertex 6.867884e+00 -9.224000e+00 0.000000e+00
  vertex 7.604112e+00 -8.627137e+00 1.000000e+00
  vertex 6.867884e+00 -9.224000e+00 1.000000e+00
 endloop
endfacet
facet normal 4.477078e-01 -8.941799e-01 0.000000e+00
 outer loop
  vertex 7.604112e+00 -8.627137e+00 0.000000e+00
  vertex 7.718295e+00 -8.569966e+00 0.000000e+00
  vertex 7.718295e+00 -8.569966e+00 1.000000e+00
 endloop
endfacet
facet normal 4.477078e-01 -8.941799e-01 0.000000e+00
 outer loop
  vertex 7.604112e+00 -8.627137e+00 0.000000e+00
  vertex 7.718295e+00 -8.569966e+00 1.000000e+00
  vertex 7.604112e+00 -8.627137e+00 1.000000e+00
 endloop
endfacet
facet normal -5.228192e-02 -9.986324e-01 0.000000e+00
 outer loop
  vertex 7.718295e+00 -8.569966e+00 0.000000e+00
  vertex 7.845816e+00 -8.576642e+00 0.000000e+00
  vertex 7.845816e+00 -8.576642e+00 1.000000e+00
 endloop
endfacet
facet normal -5.228192e-02 -9.986324e-01 0.000000e+00
 outer loop
  vertex 7.718295e+00 -8.569966e+00 0.000000e+00
  vertex 7.845816e+00 -8.576642e+00 1.000000e+00
  vertex 7.718295e+00 -8.569966e+00 1.000000e+00
 endloop
endfacet
facet normal -5.386313e-01 -8.425416e-01 0.000000e+00
 outer loop
  vertex 7.845816e+00 -8.576642e+00 0.000000e+00
  vertex 7.953405e+00 -8.645423e+00 0.000000e+00
  vertex 7.953405e+00 -8.645423e+00 1.000000e+00
 endloop
endfacet
facet normal -5.386313e-01 -8.425416e-01 0.000000e+00
 outer loop
  vertex 7.845816e+00 -8.576642e+00 0.000000e+00
  vertex 7.953405e+00 -8.645423e+00 1.000000e+00
  vertex 7.845816e+00 -8.576642e+00 1.000000e+00
 endloop
endfacet
facet normal -7.359473e-01 -6.770388e-01 0.000000e+00
 outer loop
  vertex 7.953405e+00 -8.645423e+00 0.000000e+00
  vertex 8.124466e+00 -8.831368e+00 0.000000e+00
  vertex 8.124466e+00 -8.831368e+00 1.000000e+00
 endloop
endfacet
facet normal -7.359473e-01 -6.770388e-01 0.000000e+00
 outer loop
  vertex 7.953405e+00 -8.645423e+00 0.000000e+00
  vertex 8.124466e+00 -8.831368e+00 1.000000e+00
  vertex 7.953405e+00 -8.645423e+00 1.000000e+00
 endloop
endfacet
facet normal 6.922230e-01 -7.216837e-01 0.000000e+00
 outer loop
  vertex 8.124466e+00 -8.831368e+00 0.000000e+00
  vertex 8.485281e+00 -8.485281e+00 0.000000e+00
  vertex 8.485281e+00 -8.485281e+00 1.000000e+00
 endloop
endfacet
facet normal 6.922230e-01 -7.216837e-01 0.000000e+00
 outer loop
  vertex 8.124466e+00 -8.831368e+00 0.000000e+00
  vertex 8.485281e+00 -8.485281e+00 1.000000e+00
  vertex 8.124466e+00 -8.831368e+00 1.000000e+00
 endloop
endfacet
facet normal 7.216837e-01 -6.922230e-01 0.000000e+00
 outer loop
  vertex 8.485281e+00 -8.485281e+00 0.000000e+00
  vertex 8.831368e+00 -8.124466e+00 0.000000e+00
  vertex 8.831368e+00 -8.124466e+00 1.000000e+00
 endloop
endfacet
facet normal 7.216837e-01 -6.922230e-01 0.000000e+00
 outer loop
  vertex 8.485281e+00 -8.485281e+00 0.000000e+00
  vertex 8.831368e+00 -8.124466e+00 1.000000e+00
  vertex 8.485281e+00 -8.485281e+00 1.000000e+00
 endloop
endfacet
facet normal 6.770388e-01 7.359473e-01 0.000000e+00
 outer loop
  vertex 8.831368e+00 -8.124466e+00 0.000000e+00
  vertex 8.645423e+00 -7.953405e+00 0.000000e+00
  vertex 8.645423e+00 -7.953405e+00 1.000000e+00
 endloop
endfacet
facet normal 6.770388e-01 7.359473e-01 -0.000000e+00
 outer loop
  vertex 8.831368e+00 -8.124466e+00 0.000000e+00
  vertex 8.645423e+00 -7.953405e+00 1.000000e+00
  vertex 8.831368e+00 -8.124466e+00 1.000000e+00
 endloop
endfacet
facet normal 8.425416e-01 5.386313e-01 0.000000e+00
 outer loop
  vertex 8.645423e+00 -7.953405e+00 0.000000e+00
  vertex 8.576642e+00 -7.845816e+00 0.000000e+00
  vertex 8.576642e+00 -7.845816e+00 1.000000e+00
 endloop
endfacet
facet normal 8.425416e-01 5.386313e-01 -0.000000e+00
 outer loop
  vertex 8.645423e+00 -7.953405e+00 0.000000e+00
  vertex 8.576642e+00 -7.845816e+00 1.000000e+00
  vertex 8.645423e+00 -7.953405e+00 1.000000e+00
 endloop
endfacet
facet normal 9.986324e-01 5.228192e-02 0.000000e+00
 outer loop
  vertex 8.576642e+00 -7.845816e+00 0.000000e+00
  vertex 8.569966e+00 -7.718295e+00 0.000000e+00
  vertex 8.569966e+00 -7.718295e+00 1.000000e+00
 endloop
endfacet
facet normal 9.986324e-01 5.228192e-02 -0.000000e+00
 outer loop
  vertex 8.576642e+00 -7.845816e+00 0.000000e+00
  vertex 8.569966e+00 -7.718295e+00 1.000000e+00
  vertex 8.576642e+00 -7.845816e+00 1.000000e+00
 endloop
endfacet
facet normal 8.941799e-01 -4.477078e-01 0.000000e+00
 outer loop
  vertex 8.569966e+00 -7.718295e+00 0.000000e+00
  vertex 8.627137e+00 -7.604112e+00 0.000000e+00
  vertex 8.627137e+00 -7.604112e+00 1.000000e+00
 endloop
endfacet
facet normal 8.941799e-01 -4.477078e-01 0.000000e+00
 outer loop
  vertex 8.569966e+00 -7.718295e+00 0.000000e+00
  vertex 8.627137e+00 -7.604112e+00 1.000000e+00
  vertex 8.569966e+00 -7.718295e+00 1.000000e+00
 endloop
endfacet
facet normal 7.767962e-01 -6.297521e-01 0.000000e+00
 outer loop
  vertex 8.627137e+00 -7.604112e+00 0.000000e+00
  vertex 9.224000e+00 -6.867884e+00 0.000000e+00
  vertex 9.224000e+00 -6.867884e+00 1.000000e+00
 endloop
endfacet
facet normal 7.767962e-01 -6.297521e-01 0.000000e+00
 outer loop
  vertex 8.627137e+00 -7.604112e+00 0.000000e+00
  vertex 9.224000e+00 -6.867884e+00 1.000000e+00
  vertex 8.627137e+00 -7.604112e+00 1.000000e+00
 endloop
endfacet
facet normal 8.260151e-01 -5.636479e-01 0.000000e+00
 outer loop
  vertex 9.224000e+00 -6.867884e+00 0.000000e+00
  vertex 9.758211e+00 -6.085007e+00 0.000000e+00
  vertex 9.758211e+00 -6.085007e+00 1.000000e+00
 endloop
endfacet
facet normal 8.260151e-01 -5.636479e-01 0.000000e+00
 outer loop
  vertex 9.224000e+00 -6.867884e+00 0.000000e+00
  vertex 9.758211e+00 -6.085007e+00 1.000000e+00
  vertex 9.224000e+00 -6.867884e+00 1.000000e+00
 endloop
endfacet
facet normal 8.696236e-01 -4.937153e-01 0.000000e+00
 outer loop
  vertex 9.758211e+00 -6.085007e+00 0.000000e+00
  vertex 1.022614e+01 -5.260800e+00 0.000000e+00
  vertex 1.022614e+01 -5.260800e+00 1.000000e+00
 endloop
endfacet
facet normal 8.696236e-01 -4.937153e-01 0.000000e+00
 outer loop
  vertex 9.758211e+00 -6.085007e+00 0.000000e+00
  vertex 1.022614e+01 -5.260800e+00 1.000000e+00
  vertex 9.758211e+00 -6.085007e+00 1.000000e+00
 endloop
endfacet
facet normal 9.073253e-01 -4.204292e-01 0.000000e+00
 outer loop
  vertex 1.022614e+01 -5.260800e+00 0.000000e+00
  vertex 1.062461e+01 -4.400859e+00 0.000000e+00
  vertex 1.062461e+01 -4.400859e+00 1.000000e+00
 endloop
endfacet
facet normal 9.073253e-01 -4.204292e-01 0.000000e+00
 outer loop
  vertex 1.022614e+01 -5.260800e+00 0.000000e+00
  vertex 1.062461e+01 -4.400859e+00 1.000000e+00
  vertex 1.022614e+01 -5.260800e+00 1.000000e+00
 endloop
endfacet
facet normal 9.388643e-01 -3.442875e-01 0.000000e+00
 outer loop
  vertex 1.062461e+01 -4.400859e+00 0.000000e+00
  vertex 1.095092e+01 -3.511027e+00 0.000000e+00
  vertex 1.095092e+01 -3.511027e+00 1.000000e+00
 endloop
endfacet
facet normal 9.388643e-01 -3.442875e-01 0.000000e+00
 outer loop
  vertex 1.062461e+01 -4.400859e+00 0.000000e+00
  vertex 1.095092e+01 -3.511027e+00 1.000000e+00
  vertex 1.062461e+01 -4.400859e+00 1.000000e+00
 endloop
endfacet
facet normal 9.640262e-01 -2.658073e-01 0.000000e+00
 outer loop
  vertex 1.095092e+01 -3.511027e+00 0.000000e+00
  vertex 1.120285e+01 -2.597348e+00 0.000000e+00
  vertex 1.120285e+01 -2.597348e+00 1.000000e+00
 endloop
endfacet
facet normal 9.640262e-01 -2.658073e-01 0.000000e+00
 outer loop
  vertex 1.095092e+01 -3.511027e+00 0.000000e+00
  vertex 1.120285e+01 -2.597348e+00 1.000000e+00
  vertex 1.095092e+01 -3.511027e+00 1.000000e+00
 endloop
endfacet
facet normal 9.826402e-01 -1.855216e-01 0.000000e+00
 outer loop
  vertex 1.120285e+01 -2.597348e+00 0.000000e+00
  vertex 1.137868e+01 -1.666026e+00 0.000000e+00
  vertex 1.137868e+01 -1.666026e+00 1.000000e+00
 endloop
endfacet
facet normal 9.826402e-01 -1.855216e-01 0.000000e+00
 outer loop
  vertex 1.120285e+01 -2.597348e+00 0.000000e+00
  vertex 1.137868e+01 -1.666026e+00 1.000000e+00
  vertex 1.120285e+01 -2.597348e+00 1.000000e+00
 endloop
endfacet
facet normal 9.945798e-01 -1.039759e-01 0.000000e+00
 outer loop
  vertex 1.137868e+01 -1.666026e+00 0.000000e+00
  vertex 1.147723e+01 -7.233881e-01 0.000000e+00
  vertex 1.147723e+01 -7.233881e-01 1.000000e+00
 endloop
endfacet
facet normal 9.945798e-01 -1.039759e-01 0.000000e+00
 outer loop
  vertex 1.137868e+01 -1.666026e+00 0.000000e+00
  vertex 1.147723e+01 -7.233881e-01 1.000000e+00
  vertex 1.137868e+01 -1.666026e+00 1.000000e+00
 endloop
endfacet
facet normal 9.488579e-01 -3.157034e-01 0.000000e+00
 outer loop
  vertex 1.147723e+01 -7.233881e-01 0.000000e+00
  vertex 1.151754e+01 -6.022228e-01 0.000000e+00
  vertex 1.151754e+01 -6.022228e-01 1.000000e+00
 endloop
endfacet
facet normal 9.488579e-01 -3.157034e-01 0.000000e+00
 outer loop
  vertex 1.147723e+01 -7.233881e-01 0.000000e+00
  vertex 1.151754e+01 -6.022228e-01 1.000000e+00
  vertex 1.147723e+01 -7.233881e-01 1.000000e+00
 endloop
endfacet
facet normal 6.691708e-01 -7.431086e-01 0.000000e+00
 outer loop
  vertex 1.151754e+01 -6.022228e-01 0.000000e+00
  vertex 1.161243e+01 -5.167724e-01 0.000000e+00
  vertex 1.161243e+01 -5.167724e-01 1.000000e+00
 endloop
endfacet
facet normal 6.691708e-01 -7.431086e-01 0.000000e+00
 outer loop
  vertex 1.151754e+01 -6.022228e-01 0.000000e+00
  vertex 1.161243e+01 -5.167724e-01 1.000000e+00
  vertex 1.151754e+01 -6.022228e-01 1.000000e+00
 endloop
endfacet
facet normal 2.148970e-01 -9.766367e-01 0.000000e+00
 outer loop
  vertex 1.161243e+01 -5.167724e-01 0.000000e+00
  vertex 1.173714e+01 -4.893309e-01 0.000000e+00
  vertex 1.173714e+01 -4.893309e-01 1.000000e+00
 endloop
endfacet
facet normal 2.148970e-01 -9.766367e-01 0.000000e+00
 outer loop
  vertex 1.161243e+01 -5.167724e-01 0.000000e+00
  vertex 1.173714e+01 -4.893309e-01 1.000000e+00
  vertex 1.161243e+01 -5.167724e-01 1.000000e+00
 endloop
endfacet
facet normal -4.165461e-02 -9.991321e-01 0.000000e+00
 outer loop
  vertex 1.173714e+01 -4.893309e-01 0.000000e+00
  vertex 1.198958e+01 -4.998553e-01 0.000000e+00
  vertex 1.198958e+01 -4.998553e-01 1.000000e+00
 endloop
endfacet
facet normal -4.165461e-02 -9.991321e-01 0.000000e+00
 outer loop
  vertex 1.173714e+01 -4.893309e-01 0.000000e+00
  vertex 1.198958e+01 -4.998553e-01 1.000000e+00
  vertex 1.173714e+01 -4.893309e-01 1.000000e+00
 endloop
endfacet
endsolid pizza_plate_24
